tbin,Count_Bin,Effort_Bin,Effort_Sec,Minutes,Hours,HoursProp,month,Year,day,DutyBin,Percent,Ice
7/1/2015,,24,7200,,,,7,2015,182,,0.083333333,0.27
7/2/2015,,24,7200,,,,7,2015,183,,0.083333333,0.263870968
7/3/2015,,24,7200,,,,7,2015,184,,0.083333333,0.257741935
7/4/2015,,24,7200,,,,7,2015,185,,0.083333333,0.251612903
7/5/2015,,24,7200,,,,7,2015,186,,0.083333333,0.245483871
7/6/2015,,24,7200,,,,7,2015,187,,0.083333333,0.239354839
7/7/2015,,24,7200,,,,7,2015,188,,0.083333333,0.233225806
7/8/2015,,24,7200,,,,7,2015,189,,0.083333333,0.227096774
7/9/2015,,24,7200,,,,7,2015,190,,0.083333333,0.220967742
7/10/2015,,24,7200,,,,7,2015,191,,0.083333333,0.21483871
7/11/2015,,24,7200,,,,7,2015,192,,0.083333333,0.208709677
7/12/2015,,24,7200,,,,7,2015,193,,0.083333333,0.202580645
7/13/2015,,24,7200,,,,7,2015,194,,0.083333333,0.196451613
7/14/2015,,24,7200,,,,7,2015,195,,0.083333333,0.190322581
7/15/2015,,24,7200,,,,7,2015,196,,0.083333333,0.184193548
7/16/2015,,24,7200,,,,7,2015,197,,0.083333333,0.178064516
7/17/2015,,24,7200,,,,7,2015,198,,0.083333333,0.171935484
7/18/2015,,24,7200,,,,7,2015,199,,0.083333333,0.165806452
7/19/2015,,24,7200,,,,7,2015,200,,0.083333333,0.159677419
7/20/2015,,24,7200,,,,7,2015,201,,0.083333333,0.153548387
7/21/2015,,24,7200,,,,7,2015,202,,0.083333333,0.147419355
7/22/2015,,24,7200,,,,7,2015,203,,0.083333333,0.141290323
7/23/2015,,24,7200,,,,7,2015,204,,0.083333333,0.13516129
7/24/2015,,24,7200,,,,7,2015,205,,0.083333333,0.129032258
7/25/2015,,24,7200,,,,7,2015,206,,0.083333333,0.122903226
7/26/2015,,24,7200,,,,7,2015,207,,0.083333333,0.116774194
7/27/2015,,24,7200,,,,7,2015,208,,0.083333333,0.110645161
7/28/2015,,24,7200,,,,7,2015,209,,0.083333333,0.104516129
7/29/2015,,24,7200,,,,7,2015,210,,0.083333333,0.098387097
7/30/2015,,24,7200,,,,7,2015,211,,0.083333333,0.092258065
7/31/2015,,24,7200,,,,7,2015,212,,0.083333333,0.086129032
8/1/2015,,24,7200,,,,8,2015,213,,0.083333333,0.08
8/2/2015,,24,7200,,,,8,2015,214,,0.083333333,0.079032258
8/3/2015,,24,7200,,,,8,2015,215,,0.083333333,0.078064516
8/4/2015,,24,7200,,,,8,2015,216,,0.083333333,0.077096774
8/5/2015,,24,7200,,,,8,2015,217,,0.083333333,0.076129032
8/6/2015,,24,7200,,,,8,2015,218,,0.083333333,0.07516129
8/7/2015,,24,7200,,,,8,2015,219,,0.083333333,0.074193548
8/8/2015,,24,7200,,,,8,2015,220,,0.083333333,0.073225806
8/9/2015,,24,7200,,,,8,2015,221,,0.083333333,0.072258065
8/10/2015,,24,7200,,,,8,2015,222,,0.083333333,0.071290323
8/11/2015,,24,7200,,,,8,2015,223,,0.083333333,0.070322581
8/12/2015,,24,7200,,,,8,2015,224,,0.083333333,0.069354839
8/13/2015,,24,7200,,,,8,2015,225,,0.083333333,0.068387097
8/14/2015,,24,7200,,,,8,2015,226,,0.083333333,0.067419355
8/15/2015,,24,7200,,,,8,2015,227,,0.083333333,0.066451613
8/16/2015,,24,7200,,,,8,2015,228,,0.083333333,0.065483871
8/17/2015,,24,7200,,,,8,2015,229,,0.083333333,0.064516129
8/18/2015,,24,7200,,,,8,2015,230,,0.083333333,0.063548387
8/19/2015,,24,7200,,,,8,2015,231,,0.083333333,0.062580645
8/20/2015,,24,7200,,,,8,2015,232,,0.083333333,0.061612903
8/21/2015,,24,7200,,,,8,2015,233,,0.083333333,0.060645161
8/22/2015,,24,7200,,,,8,2015,234,,0.083333333,0.059677419
8/23/2015,,24,7200,,,,8,2015,235,,0.083333333,0.058709677
8/24/2015,,24,7200,,,,8,2015,236,,0.083333333,0.057741935
8/25/2015,,24,7200,,,,8,2015,237,,0.083333333,0.056774194
8/26/2015,,24,7200,,,,8,2015,238,,0.083333333,0.055806452
8/27/2015,,24,7200,,,,8,2015,239,,0.083333333,0.05483871
8/28/2015,,24,7200,,,,8,2015,240,,0.083333333,0.053870968
8/29/2015,,24,7200,,,,8,2015,241,,0.083333333,0.052903226
8/30/2015,,24,7200,,,,8,2015,242,,0.083333333,0.051935484
8/31/2015,,24,7200,,,,8,2015,243,,0.083333333,0.050967742
9/1/2015,,24,7200,,,,9,2015,244,,0.083333333,0.05
9/2/2015,,24,7200,,,,9,2015,245,,0.083333333,0.051333333
9/3/2015,,24,7200,,,,9,2015,246,,0.083333333,0.052666667
9/4/2015,,24,7200,,,,9,2015,247,,0.083333333,0.054
9/5/2015,,24,7200,,,,9,2015,248,,0.083333333,0.055333333
9/6/2015,,24,7200,,,,9,2015,249,,0.083333333,0.056666667
9/7/2015,,24,7200,,,,9,2015,250,,0.083333333,0.058
9/8/2015,,24,7200,,,,9,2015,251,,0.083333333,0.059333333
9/9/2015,,24,7200,,,,9,2015,252,,0.083333333,0.060666667
9/10/2015,,24,7200,,,,9,2015,253,,0.083333333,0.062
9/11/2015,,24,7200,,,,9,2015,254,,0.083333333,0.063333333
9/12/2015,,24,7200,,,,9,2015,255,,0.083333333,0.064666667
9/13/2015,,24,7200,,,,9,2015,256,,0.083333333,0.066
9/14/2015,,24,7200,,,,9,2015,257,,0.083333333,0.067333333
9/15/2015,,24,7200,,,,9,2015,258,,0.083333333,0.068666667
9/16/2015,,24,7200,,,,9,2015,259,,0.083333333,0.07
9/17/2015,,24,7200,,,,9,2015,260,,0.083333333,0.071333333
9/18/2015,,24,7200,,,,9,2015,261,,0.083333333,0.072666667
9/19/2015,,24,7200,,,,9,2015,262,,0.083333333,0.074
9/20/2015,11,24,7200,55,0.916666667,0.458333333,9,2015,263,11,0.083333333,0.075333333
9/21/2015,9,24,7200,45,0.75,0.375,9,2015,264,9,0.083333333,0.076666667
9/22/2015,0,24,7200,0,0,0,9,2015,265,0,0.083333333,0.078
9/23/2015,4,24,7200,20,0.333333333,0.166666667,9,2015,266,4,0.083333333,0.079333333
9/24/2015,1,24,7200,5,0.083333333,0.041666667,9,2015,267,1,0.083333333,0.080666667
9/25/2015,,24,7200,,,,9,2015,268,,0.083333333,0.082
9/26/2015,,24,7200,,,,9,2015,269,,0.083333333,0.083333333
9/27/2015,,24,7200,,,,9,2015,270,,0.083333333,0.084666667
9/28/2015,,24,7200,,,,9,2015,271,,0.083333333,0.086
9/29/2015,,0.083333333,25,,,,9,2015,272,,0.000289352,0.087333333
9/30/2015,,,,,,,,,,,0,0.088666667
10/1/2015,,,,,,,,,,,0,0.09
10/2/2015,,,,,,,,,,,0,0.104193548
10/3/2015,,,,,,,,,,,0,0.118387097
10/4/2015,,,,,,,,,,,0,0.132580645
10/5/2015,,,,,,,,,,,0,0.146774194
10/6/2015,,,,,,,,,,,0,0.160967742
10/7/2015,,,,,,,,,,,0,0.17516129
10/8/2015,,,,,,,,,,,0,0.189354839
10/9/2015,,,,,,,,,,,0,0.203548387
10/10/2015,,,,,,,,,,,0,0.217741935
10/11/2015,,,,,,,,,,,0,0.231935484
10/12/2015,,,,,,,,,,,0,0.246129032
10/13/2015,,,,,,,,,,,0,0.260322581
10/14/2015,,,,,,,,,,,0,0.274516129
10/15/2015,,,,,,,,,,,0,0.288709677
10/16/2015,,,,,,,,,,,0,0.302903226
10/17/2015,,,,,,,,,,,0,0.317096774
10/18/2015,,,,,,,,,,,0,0.331290323
10/19/2015,,,,,,,,,,,0,0.345483871
10/20/2015,,,,,,,,,,,0,0.359677419
10/21/2015,,,,,,,,,,,0,0.373870968
10/22/2015,,,,,,,,,,,0,0.388064516
10/23/2015,,,,,,,,,,,0,0.402258065
10/24/2015,,,,,,,,,,,0,0.416451613
10/25/2015,,,,,,,,,,,0,0.430645161
10/26/2015,,,,,,,,,,,0,0.44483871
10/27/2015,,,,,,,,,,,0,0.459032258
10/28/2015,,,,,,,,,,,0,0.473225806
10/29/2015,,,,,,,,,,,0,0.487419355
10/30/2015,,,,,,,,,,,0,0.501612903
10/31/2015,,,,,,,,,,,0,0.515806452
11/1/2015,,,,,,,,,,,0,0.53
11/2/2015,,,,,,,,,,,0,0.540333333
11/3/2015,,,,,,,,,,,0,0.550666667
11/4/2015,,,,,,,,,,,0,0.561
11/5/2015,,,,,,,,,,,0,0.571333333
11/6/2015,,,,,,,,,,,0,0.581666667
11/7/2015,,,,,,,,,,,0,0.592
11/8/2015,,,,,,,,,,,0,0.602333333
11/9/2015,,,,,,,,,,,0,0.612666667
11/10/2015,,,,,,,,,,,0,0.623
11/11/2015,,,,,,,,,,,0,0.633333333
11/12/2015,,,,,,,,,,,0,0.643666667
11/13/2015,,,,,,,,,,,0,0.654
11/14/2015,,,,,,,,,,,0,0.664333333
11/15/2015,,,,,,,,,,,0,0.674666667
11/16/2015,,,,,,,,,,,0,0.685
11/17/2015,,,,,,,,,,,0,0.695333333
11/18/2015,,,,,,,,,,,0,0.705666667
11/19/2015,,,,,,,,,,,0,0.716
11/20/2015,,,,,,,,,,,0,0.726333333
11/21/2015,,,,,,,,,,,0,0.736666667
11/22/2015,,,,,,,,,,,0,0.747
11/23/2015,,,,,,,,,,,0,0.757333333
11/24/2015,,,,,,,,,,,0,0.767666667
11/25/2015,,,,,,,,,,,0,0.778
11/26/2015,,,,,,,,,,,0,0.788333333
11/27/2015,,,,,,,,,,,0,0.798666667
11/28/2015,,,,,,,,,,,0,0.809
11/29/2015,,,,,,,,,,,0,0.819333333
11/30/2015,,,,,,,,,,,0,0.829666667
12/1/2015,,,,,,,,,,,0,0.84
12/2/2015,,,,,,,,,,,0,0.845806452
12/3/2015,,,,,,,,,,,0,0.851612903
12/4/2015,,,,,,,,,,,0,0.857419355
12/5/2015,,,,,,,,,,,0,0.863225806
12/6/2015,,,,,,,,,,,0,0.869032258
12/7/2015,,,,,,,,,,,0,0.87483871
12/8/2015,,,,,,,,,,,0,0.880645161
12/9/2015,,,,,,,,,,,0,0.886451613
12/10/2015,,,,,,,,,,,0,0.892258065
12/11/2015,,,,,,,,,,,0,0.898064516
12/12/2015,,,,,,,,,,,0,0.903870968
12/13/2015,,,,,,,,,,,0,0.909677419
12/14/2015,,,,,,,,,,,0,0.915483871
12/15/2015,,,,,,,,,,,0,0.921290323
12/16/2015,,,,,,,,,,,0,0.927096774
12/17/2015,,,,,,,,,,,0,0.932903226
12/18/2015,,,,,,,,,,,0,0.938709677
12/19/2015,,,,,,,,,,,0,0.944516129
12/20/2015,,,,,,,,,,,0,0.950322581
12/21/2015,,,,,,,,,,,0,0.956129032
12/22/2015,,,,,,,,,,,0,0.961935484
12/23/2015,,,,,,,,,,,0,0.967741935
12/24/2015,,,,,,,,,,,0,0.973548387
12/25/2015,,,,,,,,,,,0,0.979354839
12/26/2015,,,,,,,,,,,0,0.98516129
12/27/2015,,,,,,,,,,,0,0.990967742
12/28/2015,,,,,,,,,,,0,0.996774194
12/29/2015,,,,,,,,,,,0,1.002580645
12/30/2015,,,,,,,,,,,0,1.008387097
12/31/2015,,,,,,,,,,,0,1.014193548
1/1/2016,,,,,,,,,,,0,1.02
1/2/2016,,,,,,,,,,,0,1.024193548
1/3/2016,,,,,,,,,,,0,1.028387097
1/4/2016,,,,,,,,,,,0,1.032580645
1/5/2016,,,,,,,,,,,0,1.036774194
1/6/2016,,,,,,,,,,,0,1.040967742
1/7/2016,,,,,,,,,,,0,1.04516129
1/8/2016,,,,,,,,,,,0,1.049354839
1/9/2016,,,,,,,,,,,0,1.053548387
1/10/2016,,,,,,,,,,,0,1.057741935
1/11/2016,,,,,,,,,,,0,1.061935484
1/12/2016,,,,,,,,,,,0,1.066129032
1/13/2016,,,,,,,,,,,0,1.070322581
1/14/2016,,,,,,,,,,,0,1.074516129
1/15/2016,,,,,,,,,,,0,1.078709677
1/16/2016,,,,,,,,,,,0,1.082903226
1/17/2016,,,,,,,,,,,0,1.087096774
1/18/2016,,,,,,,,,,,0,1.091290323
1/19/2016,,,,,,,,,,,0,1.095483871
1/20/2016,,,,,,,,,,,0,1.099677419
1/21/2016,,,,,,,,,,,0,1.103870968
1/22/2016,,,,,,,,,,,0,1.108064516
1/23/2016,,,,,,,,,,,0,1.112258065
1/24/2016,,,,,,,,,,,0,1.116451613
1/25/2016,,,,,,,,,,,0,1.120645161
1/26/2016,,,,,,,,,,,0,1.12483871
1/27/2016,,,,,,,,,,,0,1.129032258
1/28/2016,,,,,,,,,,,0,1.133225806
1/29/2016,,,,,,,,,,,0,1.137419355
1/30/2016,,,,,,,,,,,0,1.141612903
1/31/2016,,,,,,,,,,,0,1.145806452
2/1/2016,,,,,,,,,,,0,1.15
2/2/2016,,,,,,,,,,,0,1.151034483
2/3/2016,,,,,,,,,,,0,1.152068966
2/4/2016,,,,,,,,,,,0,1.153103448
2/5/2016,,,,,,,,,,,0,1.154137931
2/6/2016,,,,,,,,,,,0,1.155172414
2/7/2016,,,,,,,,,,,0,1.156206897
2/8/2016,,,,,,,,,,,0,1.157241379
2/9/2016,,,,,,,,,,,0,1.158275862
2/10/2016,,,,,,,,,,,0,1.159310345
2/11/2016,,,,,,,,,,,0,1.160344828
2/12/2016,,,,,,,,,,,0,1.16137931
2/13/2016,,,,,,,,,,,0,1.162413793
2/14/2016,,,,,,,,,,,0,1.163448276
2/15/2016,,,,,,,,,,,0,1.164482759
2/16/2016,,,,,,,,,,,0,1.165517241
2/17/2016,,,,,,,,,,,0,1.166551724
2/18/2016,,,,,,,,,,,0,1.167586207
2/19/2016,,,,,,,,,,,0,1.16862069
2/20/2016,,,,,,,,,,,0,1.169655172
2/21/2016,,,,,,,,,,,0,1.170689655
2/22/2016,,,,,,,,,,,0,1.171724138
2/23/2016,,,,,,,,,,,0,1.172758621
2/24/2016,,,,,,,,,,,0,1.173793103
2/25/2016,,,,,,,,,,,0,1.174827586
2/26/2016,,,,,,,,,,,0,1.175862069
2/27/2016,,,,,,,,,,,0,1.176896552
2/28/2016,,,,,,,,,,,0,1.177931034
2/29/2016,,,,,,,,,,,0,1.178965517
3/1/2016,,,,,,,,,,,0,1.18
3/2/2016,,,,,,,,,,,0,1.174516129
3/3/2016,,,,,,,,,,,0,1.169032258
3/4/2016,,,,,,,,,,,0,1.163548387
3/5/2016,,,,,,,,,,,0,1.158064516
3/6/2016,,,,,,,,,,,0,1.152580645
3/7/2016,,,,,,,,,,,0,1.147096774
3/8/2016,,,,,,,,,,,0,1.141612903
3/9/2016,,,,,,,,,,,0,1.136129032
3/10/2016,,,,,,,,,,,0,1.130645161
3/11/2016,,,,,,,,,,,0,1.12516129
3/12/2016,,,,,,,,,,,0,1.119677419
3/13/2016,,,,,,,,,,,0,1.114193548
3/14/2016,,,,,,,,,,,0,1.108709677
3/15/2016,,,,,,,,,,,0,1.103225806
3/16/2016,,,,,,,,,,,0,1.097741935
3/17/2016,,,,,,,,,,,0,1.092258065
3/18/2016,,,,,,,,,,,0,1.086774194
3/19/2016,,,,,,,,,,,0,1.081290323
3/20/2016,,,,,,,,,,,0,1.075806452
3/21/2016,,,,,,,,,,,0,1.070322581
3/22/2016,,,,,,,,,,,0,1.06483871
3/23/2016,,,,,,,,,,,0,1.059354839
3/24/2016,,,,,,,,,,,0,1.053870968
3/25/2016,,,,,,,,,,,0,1.048387097
3/26/2016,,,,,,,,,,,0,1.042903226
3/27/2016,,,,,,,,,,,0,1.037419355
3/28/2016,,,,,,,,,,,0,1.031935484
3/29/2016,,,,,,,,,,,0,1.026451613
3/30/2016,,,,,,,,,,,0,1.020967742
3/31/2016,,,,,,,,,,,0,1.015483871
4/1/2016,,,,,,,,,,,0,1.01
4/2/2016,,,,,,,,,,,0,1.001333333
4/3/2016,,,,,,,,,,,0,0.992666667
4/4/2016,,,,,,,,,,,0,0.984
4/5/2016,,,,,,,,,,,0,0.975333333
4/6/2016,,,,,,,,,,,0,0.966666667
4/7/2016,,,,,,,,,,,0,0.958
4/8/2016,,,,,,,,,,,0,0.949333333
4/9/2016,,,,,,,,,,,0,0.940666667
4/10/2016,,,,,,,,,,,0,0.932
4/11/2016,,,,,,,,,,,0,0.923333333
4/12/2016,,,,,,,,,,,0,0.914666667
4/13/2016,,,,,,,,,,,0,0.906
4/14/2016,,,,,,,,,,,0,0.897333333
4/15/2016,,,,,,,,,,,0,0.888666667
4/16/2016,,,,,,,,,,,0,0.88
4/17/2016,,,,,,,,,,,0,0.871333333
4/18/2016,,,,,,,,,,,0,0.862666667
4/19/2016,,,,,,,,,,,0,0.854
4/20/2016,,,,,,,,,,,0,0.845333333
4/21/2016,,,,,,,,,,,0,0.836666667
4/22/2016,,,,,,,,,,,0,0.828
4/23/2016,,,,,,,,,,,0,0.819333333
4/24/2016,,,,,,,,,,,0,0.810666667
4/25/2016,,,,,,,,,,,0,0.802
4/26/2016,,,,,,,,,,,0,0.793333333
4/27/2016,,,,,,,,,,,0,0.784666667
4/28/2016,,,,,,,,,,,0,0.776
4/29/2016,,,,,,,,,,,0,0.767333333
4/30/2016,,,,,,,,,,,0,0.758666667
5/1/2016,,,,,,,,,,,0,0.75
5/2/2016,,,,,,,,,,,0,0.740967742
5/3/2016,,,,,,,,,,,0,0.731935484
5/4/2016,,,,,,,,,,,0,0.722903226
5/5/2016,,,,,,,,,,,0,0.713870968
5/6/2016,,,,,,,,,,,0,0.70483871
5/7/2016,,,,,,,,,,,0,0.695806452
5/8/2016,,,,,,,,,,,0,0.686774194
5/9/2016,,,,,,,,,,,0,0.677741935
5/10/2016,,,,,,,,,,,0,0.668709677
5/11/2016,,,,,,,,,,,0,0.659677419
5/12/2016,,,,,,,,,,,0,0.650645161
5/13/2016,,,,,,,,,,,0,0.641612903
5/14/2016,,,,,,,,,,,0,0.632580645
5/15/2016,,,,,,,,,,,0,0.623548387
5/16/2016,,,,,,,,,,,0,0.614516129
5/17/2016,,,,,,,,,,,0,0.605483871
5/18/2016,,,,,,,,,,,0,0.596451613
5/19/2016,,,,,,,,,,,0,0.587419355
5/20/2016,,,,,,,,,,,0,0.578387097
5/21/2016,,,,,,,,,,,0,0.569354839
5/22/2016,,,,,,,,,,,0,0.560322581
5/23/2016,,,,,,,,,,,0,0.551290323
5/24/2016,,,,,,,,,,,0,0.542258065
5/25/2016,,,,,,,,,,,0,0.533225806
5/26/2016,,,,,,,,,,,0,0.524193548
5/27/2016,,,,,,,,,,,0,0.51516129
5/28/2016,,288,86400,,,,5,2016,149,,1,0.506129032
5/29/2016,,288,86400,,,,5,2016,150,,1,0.497096774
5/30/2016,,288,86400,,,,5,2016,151,,1,0.488064516
5/31/2016,,288,86400,,,,5,2016,152,,1,0.479032258
6/1/2016,,288,86400,,,,6,2016,153,,1,0.47
6/2/2016,,288,86400,,,,6,2016,154,,1,0.46
6/3/2016,,288,86400,,,,6,2016,155,,1,0.45
6/4/2016,,288,86400,,,,6,2016,156,,1,0.44
6/5/2016,,288,86400,,,,6,2016,157,,1,0.43
6/6/2016,,288,86400,,,,6,2016,158,,1,0.42
6/7/2016,,288,86400,,,,6,2016,159,,1,0.41
6/8/2016,,288,86400,,,,6,2016,160,,1,0.4
6/9/2016,,288,86400,,,,6,2016,161,,1,0.39
6/10/2016,,288,86400,,,,6,2016,162,,1,0.38
6/11/2016,,288,86400,,,,6,2016,163,,1,0.37
6/12/2016,,288,86400,,,,6,2016,164,,1,0.36
6/13/2016,,288,86400,,,,6,2016,165,,1,0.35
6/14/2016,,288,86400,,,,6,2016,166,,1,0.34
6/15/2016,,288,86400,,,,6,2016,167,,1,0.33
6/16/2016,,288,86400,,,,6,2016,168,,1,0.32
6/17/2016,,288,86400,,,,6,2016,169,,1,0.31
6/18/2016,,288,86400,,,,6,2016,170,,1,0.3
6/19/2016,,288,86400,,,,6,2016,171,,1,0.29
6/20/2016,,288,86400,,,,6,2016,172,,1,0.28
6/21/2016,,288,86400,,,,6,2016,173,,1,0.27
6/22/2016,,288,86400,,,,6,2016,174,,1,0.26
6/23/2016,,288,86400,,,,6,2016,175,,1,0.25
6/24/2016,,288,86400,,,,6,2016,176,,1,0.24
6/25/2016,,288,86400,,,,6,2016,177,,1,0.23
6/26/2016,,288,86400,,,,6,2016,178,,1,0.22
6/27/2016,,288,86400,,,,6,2016,179,,1,0.21
6/28/2016,,288,86400,,,,6,2016,180,,1,0.2
6/29/2016,,288,86400,,,,6,2016,181,,1,0.19
6/30/2016,,288,86400,,,,6,2016,182,,1,0.18
7/1/2016,,288,86400,,,,7,2016,183,,1,0.17
7/2/2016,,288,86400,,,,7,2016,184,,1,0.165483871
7/3/2016,,288,86400,,,,7,2016,185,,1,0.160967742
7/4/2016,,288,86400,,,,7,2016,186,,1,0.156451613
7/5/2016,,288,86400,,,,7,2016,187,,1,0.151935484
7/6/2016,,288,86400,,,,7,2016,188,,1,0.147419355
7/7/2016,,288,86400,,,,7,2016,189,,1,0.142903226
7/8/2016,,288,86400,,,,7,2016,190,,1,0.138387097
7/9/2016,,288,86400,,,,7,2016,191,,1,0.133870968
7/10/2016,,288,86400,,,,7,2016,192,,1,0.129354839
7/11/2016,,288,86400,,,,7,2016,193,,1,0.12483871
7/12/2016,,288,86400,,,,7,2016,194,,1,0.120322581
7/13/2016,,288,86400,,,,7,2016,195,,1,0.115806452
7/14/2016,,288,86400,,,,7,2016,196,,1,0.111290323
7/15/2016,,288,86400,,,,7,2016,197,,1,0.106774194
7/16/2016,,288,86400,,,,7,2016,198,,1,0.102258065
7/17/2016,,288,86400,,,,7,2016,199,,1,0.097741935
7/18/2016,,288,86400,,,,7,2016,200,,1,0.093225806
7/19/2016,,288,86400,,,,7,2016,201,,1,0.088709677
7/20/2016,,288,86400,,,,7,2016,202,,1,0.084193548
7/21/2016,,288,86400,,,,7,2016,203,,1,0.079677419
7/22/2016,0,288,86400,0,0,0,7,2016,204,0,1,0.07516129
7/23/2016,0,288,86400,0,0,0,7,2016,205,0,1,0.070645161
7/24/2016,0,288,86400,0,0,0,7,2016,206,0,1,0.066129032
7/25/2016,0,288,86400,0,0,0,7,2016,207,0,1,0.061612903
7/26/2016,0,288,86400,0,0,0,7,2016,208,0,1,0.057096774
7/27/2016,0,288,86400,0,0,0,7,2016,209,0,1,0.052580645
7/28/2016,0,288,86400,0,0,0,7,2016,210,0,1,0.048064516
7/29/2016,0,288,86400,0,0,0,7,2016,211,0,1,0.043548387
7/30/2016,0,288,86400,0,0,0,7,2016,212,0,1,0.039032258
7/31/2016,0,288,86400,0,0,0,7,2016,213,0,1,0.034516129
8/1/2016,0,288,86400,0,0,0,8,2016,214,0,1,0.03
8/2/2016,0,288,86400,0,0,0,8,2016,215,0,1,0.029677419
8/3/2016,0,288,86400,0,0,0,8,2016,216,0,1,0.029354839
8/4/2016,0,288,86400,0,0,0,8,2016,217,0,1,0.029032258
8/5/2016,0,288,86400,0,0,0,8,2016,218,0,1,0.028709677
8/6/2016,0,288,86400,0,0,0,8,2016,219,0,1,0.028387097
8/7/2016,0,288,86400,0,0,0,8,2016,220,0,1,0.028064516
8/8/2016,0,288,86400,0,0,0,8,2016,221,0,1,0.027741935
8/9/2016,0,288,86400,0,0,0,8,2016,222,0,1,0.027419355
8/10/2016,0,288,86400,0,0,0,8,2016,223,0,1,0.027096774
8/11/2016,0,288,86400,0,0,0,8,2016,224,0,1,0.026774194
8/12/2016,0,288,86400,0,0,0,8,2016,225,0,1,0.026451613
8/13/2016,14,288,86400,70,1.166666667,0.048611111,8,2016,226,14,1,0.026129032
8/14/2016,24,288,86400,120,2,0.083333333,8,2016,227,24,1,0.025806452
8/15/2016,39,288,86400,195,3.25,0.135416667,8,2016,228,39,1,0.025483871
8/16/2016,0,288,86400,0,0,0,8,2016,229,0,1,0.02516129
8/17/2016,0,288,86400,0,0,0,8,2016,230,0,1,0.02483871
8/18/2016,0,288,86400,0,0,0,8,2016,231,0,1,0.024516129
8/19/2016,0,288,86400,0,0,0,8,2016,232,0,1,0.024193548
8/20/2016,0,288,86400,0,0,0,8,2016,233,0,1,0.023870968
8/21/2016,0,288,86400,0,0,0,8,2016,234,0,1,0.023548387
8/22/2016,0,288,86400,0,0,0,8,2016,235,0,1,0.023225806
8/23/2016,0,288,86400,0,0,0,8,2016,236,0,1,0.022903226
8/24/2016,0,288,86400,0,0,0,8,2016,237,0,1,0.022580645
8/25/2016,0,288,86400,0,0,0,8,2016,238,0,1,0.022258065
8/26/2016,0,288,86400,0,0,0,8,2016,239,0,1,0.021935484
8/27/2016,0,288,86400,0,0,0,8,2016,240,0,1,0.021612903
8/28/2016,0,288,86400,0,0,0,8,2016,241,0,1,0.021290323
8/29/2016,0,288,86400,0,0,0,8,2016,242,0,1,0.020967742
8/30/2016,0,288,86400,0,0,0,8,2016,243,0,1,0.020645161
8/31/2016,0,288,86400,0,0,0,8,2016,244,0,1,0.020322581
9/1/2016,0,288,86400,0,0,0,9,2016,245,0,1,0.02
9/2/2016,0,288,86400,0,0,0,9,2016,246,0,1,0.021666667
9/3/2016,0,288,86400,0,0,0,9,2016,247,0,1,0.023333333
9/4/2016,0,288,86400,0,0,0,9,2016,248,0,1,0.025
9/5/2016,0,288,86400,0,0,0,9,2016,249,0,1,0.026666667
9/6/2016,0,288,86400,0,0,0,9,2016,250,0,1,0.028333333
9/7/2016,0,288,86400,0,0,0,9,2016,251,0,1,0.03
9/8/2016,0,288,86400,0,0,0,9,2016,252,0,1,0.031666667
9/9/2016,0,288,86400,0,0,0,9,2016,253,0,1,0.033333333
9/10/2016,0,288,86400,0,0,0,9,2016,254,0,1,0.035
9/11/2016,0,288,86400,0,0,0,9,2016,255,0,1,0.036666667
9/12/2016,0,288,86400,0,0,0,9,2016,256,0,1,0.038333333
9/13/2016,0,288,86400,0,0,0,9,2016,257,0,1,0.04
9/14/2016,0,288,86400,0,0,0,9,2016,258,0,1,0.041666667
9/15/2016,0,288,86400,0,0,0,9,2016,259,0,1,0.043333333
9/16/2016,0,288,86400,0,0,0,9,2016,260,0,1,0.045
9/17/2016,0,288,86400,0,0,0,9,2016,261,0,1,0.046666667
9/18/2016,0,288,86400,0,0,0,9,2016,262,0,1,0.048333333
9/19/2016,0,288,86400,0,0,0,9,2016,263,0,1,0.05
9/20/2016,0,288,86400,0,0,0,9,2016,264,0,1,0.051666667
9/21/2016,0,288,86400,0,0,0,9,2016,265,0,1,0.053333333
9/22/2016,0,288,86400,0,0,0,9,2016,266,0,1,0.055
9/23/2016,0,288,86400,0,0,0,9,2016,267,0,1,0.056666667
9/24/2016,0,288,86400,0,0,0,9,2016,268,0,1,0.058333333
9/25/2016,0,288,86400,0,0,0,9,2016,269,0,1,0.06
9/26/2016,0,288,86400,0,0,0,9,2016,270,0,1,0.061666667
9/27/2016,0,288,86400,0,0,0,9,2016,271,0,1,0.063333333
9/28/2016,0,288,86400,0,0,0,9,2016,272,0,1,0.065
9/29/2016,0,288,86400,0,0,0,9,2016,273,0,1,0.066666667
9/30/2016,0,288,86400,0,0,0,9,2016,274,0,1,0.068333333
10/1/2016,0,288,86400,0,0,0,10,2016,275,0,1,0.07
10/2/2016,0,288,86400,0,0,0,10,2016,276,0,1,0.079032258
10/3/2016,0,288,86400,0,0,0,10,2016,277,0,1,0.088064516
10/4/2016,0,288,86400,0,0,0,10,2016,278,0,1,0.097096774
10/5/2016,0,1,300,0,0,0,10,2016,279,0,0.003472222,0.106129032
10/6/2016,0,288,86400,0,0,0,10,2016,280,0,1,0.11516129
10/7/2016,0,288,86400,0,0,0,10,2016,281,0,1,0.124193548
10/8/2016,0,288,86400,0,0,0,10,2016,282,0,1,0.133225806
10/9/2016,0,288,86400,0,0,0,10,2016,283,0,1,0.142258065
10/10/2016,0,288,86400,0,0,0,10,2016,284,0,1,0.151290323
10/11/2016,0,288,86400,0,0,0,10,2016,285,0,1,0.160322581
10/12/2016,0,288,86400,0,0,0,10,2016,286,0,1,0.169354839
10/13/2016,0,288,86400,0,0,0,10,2016,287,0,1,0.178387097
10/14/2016,0,288,86400,0,0,0,10,2016,288,0,1,0.187419355
10/15/2016,0,288,86400,0,0,0,10,2016,289,0,1,0.196451613
10/16/2016,0,288,86400,0,0,0,10,2016,290,0,1,0.205483871
10/17/2016,0,288,86400,0,0,0,10,2016,291,0,1,0.214516129
10/18/2016,0,288,86400,0,0,0,10,2016,292,0,1,0.223548387
10/19/2016,0,288,86400,0,0,0,10,2016,293,0,1,0.232580645
10/20/2016,0,288,86400,0,0,0,10,2016,294,0,1,0.241612903
10/21/2016,0,288,86400,0,0,0,10,2016,295,0,1,0.250645161
10/22/2016,0,288,86400,0,0,0,10,2016,296,0,1,0.259677419
10/23/2016,0,288,86400,0,0,0,10,2016,297,0,1,0.268709677
10/24/2016,0,288,86400,0,0,0,10,2016,298,0,1,0.277741935
10/25/2016,0,288,86400,0,0,0,10,2016,299,0,1,0.286774194
10/26/2016,0,288,86400,0,0,0,10,2016,300,0,1,0.295806452
10/27/2016,0,288,86400,0,0,0,10,2016,301,0,1,0.30483871
10/28/2016,0,288,86400,0,0,0,10,2016,302,0,1,0.313870968
10/29/2016,0,288,86400,0,0,0,10,2016,303,0,1,0.322903226
10/30/2016,0,288,86400,0,0,0,10,2016,304,0,1,0.331935484
10/31/2016,0,288,86400,0,0,0,10,2016,305,0,1,0.340967742
11/1/2016,0,288,86400,0,0,0,11,2016,306,0,1,0.35
11/2/2016,0,288,86400,0,0,0,11,2016,307,0,1,0.363333333
11/3/2016,0,288,86400,0,0,0,11,2016,308,0,1,0.376666667
11/4/2016,0,288,86400,0,0,0,11,2016,309,0,1,0.39
11/5/2016,0,288,86400,0,0,0,11,2016,310,0,1,0.403333333
11/6/2016,0,288,86400,0,0,0,11,2016,311,0,1,0.416666667
11/7/2016,0,288,86400,0,0,0,11,2016,312,0,1,0.43
11/8/2016,0,288,86400,0,0,0,11,2016,313,0,1,0.443333333
11/9/2016,0,288,86400,0,0,0,11,2016,314,0,1,0.456666667
11/10/2016,0,288,86400,0,0,0,11,2016,315,0,1,0.47
11/11/2016,0,288,86400,0,0,0,11,2016,316,0,1,0.483333333
11/12/2016,0,288,86400,0,0,0,11,2016,317,0,1,0.496666667
11/13/2016,0,288,86400,0,0,0,11,2016,318,0,1,0.51
11/14/2016,0,288,86400,0,0,0,11,2016,319,0,1,0.523333333
11/15/2016,0,288,86400,0,0,0,11,2016,320,0,1,0.536666667
11/16/2016,0,288,86400,0,0,0,11,2016,321,0,1,0.55
11/17/2016,0,288,86400,0,0,0,11,2016,322,0,1,0.563333333
11/18/2016,0,288,86400,0,0,0,11,2016,323,0,1,0.576666667
11/19/2016,0,288,86400,0,0,0,11,2016,324,0,1,0.59
11/20/2016,0,288,86400,0,0,0,11,2016,325,0,1,0.603333333
11/21/2016,0,288,86400,0,0,0,11,2016,326,0,1,0.616666667
11/22/2016,0,288,86400,0,0,0,11,2016,327,0,1,0.63
11/23/2016,0,288,86400,0,0,0,11,2016,328,0,1,0.643333333
11/24/2016,0,288,86400,0,0,0,11,2016,329,0,1,0.656666667
11/25/2016,0,288,86400,0,0,0,11,2016,330,0,1,0.67
11/26/2016,0,288,86400,0,0,0,11,2016,331,0,1,0.683333333
11/27/2016,0,288,86400,0,0,0,11,2016,332,0,1,0.696666667
11/28/2016,0,288,86400,0,0,0,11,2016,333,0,1,0.71
11/29/2016,0,288,86400,0,0,0,11,2016,334,0,1,0.723333333
11/30/2016,0,288,86400,0,0,0,11,2016,335,0,1,0.736666667
12/1/2016,0,288,86400,0,0,0,12,2016,336,0,1,0.75
12/2/2016,0,288,86400,0,0,0,12,2016,337,0,1,0.758387097
12/3/2016,0,288,86400,0,0,0,12,2016,338,0,1,0.766774194
12/4/2016,0,288,86400,0,0,0,12,2016,339,0,1,0.77516129
12/5/2016,0,288,86400,0,0,0,12,2016,340,0,1,0.783548387
12/6/2016,0,288,86400,0,0,0,12,2016,341,0,1,0.791935484
12/7/2016,0,288,86400,0,0,0,12,2016,342,0,1,0.800322581
12/8/2016,0,288,86400,0,0,0,12,2016,343,0,1,0.808709677
12/9/2016,0,288,86400,0,0,0,12,2016,344,0,1,0.817096774
12/10/2016,0,288,86400,0,0,0,12,2016,345,0,1,0.825483871
12/11/2016,0,288,86400,0,0,0,12,2016,346,0,1,0.833870968
12/12/2016,0,288,86400,0,0,0,12,2016,347,0,1,0.842258065
12/13/2016,0,288,86400,0,0,0,12,2016,348,0,1,0.850645161
12/14/2016,0,288,86400,0,0,0,12,2016,349,0,1,0.859032258
12/15/2016,0,288,86400,0,0,0,12,2016,350,0,1,0.867419355
12/16/2016,0,288,86400,0,0,0,12,2016,351,0,1,0.875806452
12/17/2016,0,288,86400,0,0,0,12,2016,352,0,1,0.884193548
12/18/2016,0,288,86400,0,0,0,12,2016,353,0,1,0.892580645
12/19/2016,0,288,86400,0,0,0,12,2016,354,0,1,0.900967742
12/20/2016,0,288,86400,0,0,0,12,2016,355,0,1,0.909354839
12/21/2016,0,288,86400,0,0,0,12,2016,356,0,1,0.917741935
12/22/2016,0,288,86400,0,0,0,12,2016,357,0,1,0.926129032
12/23/2016,0,288,86400,0,0,0,12,2016,358,0,1,0.934516129
12/24/2016,0,288,86400,0,0,0,12,2016,359,0,1,0.942903226
12/25/2016,0,288,86400,0,0,0,12,2016,360,0,1,0.951290323
12/26/2016,0,288,86400,0,0,0,12,2016,361,0,1,0.959677419
12/27/2016,0,288,86400,0,0,0,12,2016,362,0,1,0.968064516
12/28/2016,0,288,86400,0,0,0,12,2016,363,0,1,0.976451613
12/29/2016,0,288,86400,0,0,0,12,2016,364,0,1,0.98483871
12/30/2016,0,288,86400,0,0,0,12,2016,365,0,1,0.993225806
12/31/2016,0,288,86400,0,0,0,12,2016,366,0,1,1.001612903
1/1/2017,0,288,86400,0,0,0,1,2017,1,0,1,1.01
1/2/2017,0,288,86400,0,0,0,1,2017,2,0,1,1.013548387
1/3/2017,0,288,86400,0,0,0,1,2017,3,0,1,1.017096774
1/4/2017,0,288,86400,0,0,0,1,2017,4,0,1,1.020645161
1/5/2017,0,288,86400,0,0,0,1,2017,5,0,1,1.024193548
1/6/2017,0,288,86400,0,0,0,1,2017,6,0,1,1.027741935
1/7/2017,0,288,86400,0,0,0,1,2017,7,0,1,1.031290323
1/8/2017,0,288,86400,0,0,0,1,2017,8,0,1,1.03483871
1/9/2017,0,288,86400,0,0,0,1,2017,9,0,1,1.038387097
1/10/2017,0,288,86400,0,0,0,1,2017,10,0,1,1.041935484
1/11/2017,0,288,86400,0,0,0,1,2017,11,0,1,1.045483871
1/12/2017,0,288,86400,0,0,0,1,2017,12,0,1,1.049032258
1/13/2017,0,288,86400,0,0,0,1,2017,13,0,1,1.052580645
1/14/2017,0,288,86400,0,0,0,1,2017,14,0,1,1.056129032
1/15/2017,0,288,86400,0,0,0,1,2017,15,0,1,1.059677419
1/16/2017,0,288,86400,0,0,0,1,2017,16,0,1,1.063225806
1/17/2017,0,288,86400,0,0,0,1,2017,17,0,1,1.066774194
1/18/2017,0,288,86400,0,0,0,1,2017,18,0,1,1.070322581
1/19/2017,0,288,86400,0,0,0,1,2017,19,0,1,1.073870968
1/20/2017,0,288,86400,0,0,0,1,2017,20,0,1,1.077419355
1/21/2017,0,288,86400,0,0,0,1,2017,21,0,1,1.080967742
1/22/2017,0,288,86400,0,0,0,1,2017,22,0,1,1.084516129
1/23/2017,0,288,86400,0,0,0,1,2017,23,0,1,1.088064516
1/24/2017,0,288,86400,0,0,0,1,2017,24,0,1,1.091612903
1/25/2017,0,288,86400,0,0,0,1,2017,25,0,1,1.09516129
1/26/2017,0,288,86400,0,0,0,1,2017,26,0,1,1.098709677
1/27/2017,0,288,86400,0,0,0,1,2017,27,0,1,1.102258065
1/28/2017,0,288,86400,0,0,0,1,2017,28,0,1,1.105806452
1/29/2017,0,288,86400,0,0,0,1,2017,29,0,1,1.109354839
1/30/2017,0,288,86400,0,0,0,1,2017,30,0,1,1.112903226
1/31/2017,0,288,86400,0,0,0,1,2017,31,0,1,1.116451613
2/1/2017,0,288,86400,0,0,0,2,2017,32,0,1,1.12
2/2/2017,0,288,86400,0,0,0,2,2017,33,0,1,1.120357143
2/3/2017,0,288,86400,0,0,0,2,2017,34,0,1,1.120714286
2/4/2017,0,288,86400,0,0,0,2,2017,35,0,1,1.121071429
2/5/2017,0,288,86400,0,0,0,2,2017,36,0,1,1.121428571
2/6/2017,0,288,86400,0,0,0,2,2017,37,0,1,1.121785714
2/7/2017,0,288,86400,0,0,0,2,2017,38,0,1,1.122142857
2/8/2017,0,288,86400,0,0,0,2,2017,39,0,1,1.1225
2/9/2017,0,288,86400,0,0,0,2,2017,40,0,1,1.122857143
2/10/2017,0,288,86400,0,0,0,2,2017,41,0,1,1.123214286
2/11/2017,0,288,86400,0,0,0,2,2017,42,0,1,1.123571429
2/12/2017,0,288,86400,0,0,0,2,2017,43,0,1,1.123928571
2/13/2017,0,288,86400,0,0,0,2,2017,44,0,1,1.124285714
2/14/2017,0,288,86400,0,0,0,2,2017,45,0,1,1.124642857
2/15/2017,0,288,86400,0,0,0,2,2017,46,0,1,1.125
2/16/2017,0,288,86400,0,0,0,2,2017,47,0,1,1.125357143
2/17/2017,0,288,86400,0,0,0,2,2017,48,0,1,1.125714286
2/18/2017,0,288,86400,0,0,0,2,2017,49,0,1,1.126071429
2/19/2017,0,288,86400,0,0,0,2,2017,50,0,1,1.126428571
2/20/2017,0,288,86400,0,0,0,2,2017,51,0,1,1.126785714
2/21/2017,0,288,86400,0,0,0,2,2017,52,0,1,1.127142857
2/22/2017,0,288,86400,0,0,0,2,2017,53,0,1,1.1275
2/23/2017,0,288,86400,0,0,0,2,2017,54,0,1,1.127857143
2/24/2017,0,288,86400,0,0,0,2,2017,55,0,1,1.128214286
2/25/2017,0,288,86400,0,0,0,2,2017,56,0,1,1.128571429
2/26/2017,0,288,86400,0,0,0,2,2017,57,0,1,1.128928571
2/27/2017,0,288,86400,0,0,0,2,2017,58,0,1,1.129285714
2/28/2017,0,288,86400,0,0,0,2,2017,59,0,1,1.129642857
3/1/2017,0,288,86400,0,0,0,3,2017,60,0,1,1.13
3/2/2017,0,288,86400,0,0,0,3,2017,61,0,1,1.13
3/3/2017,0,288,86400,0,0,0,3,2017,62,0,1,1.13
3/4/2017,0,288,86400,0,0,0,3,2017,63,0,1,1.13
3/5/2017,0,288,86400,0,0,0,3,2017,64,0,1,1.13
3/6/2017,0,288,86400,0,0,0,3,2017,65,0,1,1.13
3/7/2017,0,288,86400,0,0,0,3,2017,66,0,1,1.13
3/8/2017,0,288,86400,0,0,0,3,2017,67,0,1,1.13
3/9/2017,0,288,86400,0,0,0,3,2017,68,0,1,1.13
3/10/2017,0,288,86400,0,0,0,3,2017,69,0,1,1.13
3/11/2017,0,288,86400,0,0,0,3,2017,70,0,1,1.13
3/12/2017,0,288,86400,0,0,0,3,2017,71,0,1,1.13
3/13/2017,0,288,86400,0,0,0,3,2017,72,0,1,1.13
3/14/2017,0,288,86400,0,0,0,3,2017,73,0,1,1.13
3/15/2017,0,288,86400,0,0,0,3,2017,74,0,1,1.13
3/16/2017,0,288,86400,0,0,0,3,2017,75,0,1,1.13
3/17/2017,0,288,86400,0,0,0,3,2017,76,0,1,1.13
3/18/2017,0,288,86400,0,0,0,3,2017,77,0,1,1.13
3/19/2017,0,288,86400,0,0,0,3,2017,78,0,1,1.13
3/20/2017,0,288,86400,0,0,0,3,2017,79,0,1,1.13
3/21/2017,0,288,86400,0,0,0,3,2017,80,0,1,1.13
3/22/2017,0,288,86400,0,0,0,3,2017,81,0,1,1.13
3/23/2017,0,288,86400,0,0,0,3,2017,82,0,1,1.13
3/24/2017,0,288,86400,0,0,0,3,2017,83,0,1,1.13
3/25/2017,0,288,86400,0,0,0,3,2017,84,0,1,1.13
3/26/2017,0,288,86400,0,0,0,3,2017,85,0,1,1.13
3/27/2017,0,288,86400,0,0,0,3,2017,86,0,1,1.13
3/28/2017,0,288,86400,0,0,0,3,2017,87,0,1,1.13
3/29/2017,0,288,86400,0,0,0,3,2017,88,0,1,1.13
3/30/2017,0,288,86400,0,0,0,3,2017,89,0,1,1.13
3/31/2017,0,288,86400,0,0,0,3,2017,90,0,1,1.13
4/1/2017,0,288,86400,0,0,0,4,2017,91,0,1,1.13
4/2/2017,0,288,86400,0,0,0,4,2017,92,0,1,1.123333333
4/3/2017,0,288,86400,0,0,0,4,2017,93,0,1,1.116666667
4/4/2017,0,288,86400,0,0,0,4,2017,94,0,1,1.11
4/5/2017,0,288,86400,0,0,0,4,2017,95,0,1,1.103333333
4/6/2017,0,288,86400,0,0,0,4,2017,96,0,1,1.096666667
4/7/2017,0,288,86400,0,0,0,4,2017,97,0,1,1.09
4/8/2017,0,288,86400,0,0,0,4,2017,98,0,1,1.083333333
4/9/2017,0,288,86400,0,0,0,4,2017,99,0,1,1.076666667
4/10/2017,0,288,86400,0,0,0,4,2017,100,0,1,1.07
4/11/2017,0,288,86400,0,0,0,4,2017,101,0,1,1.063333333
4/12/2017,0,288,86400,0,0,0,4,2017,102,0,1,1.056666667
4/13/2017,0,288,86400,0,0,0,4,2017,103,0,1,1.05
4/14/2017,0,288,86400,0,0,0,4,2017,104,0,1,1.043333333
4/15/2017,0,288,86400,0,0,0,4,2017,105,0,1,1.036666667
4/16/2017,0,288,86400,0,0,0,4,2017,106,0,1,1.03
4/17/2017,0,288,86400,0,0,0,4,2017,107,0,1,1.023333333
4/18/2017,0,288,86400,0,0,0,4,2017,108,0,1,1.016666667
4/19/2017,0,288,86400,0,0,0,4,2017,109,0,1,1.01
4/20/2017,0,288,86400,0,0,0,4,2017,110,0,1,1.003333333
4/21/2017,0,288,86400,0,0,0,4,2017,111,0,1,0.996666667
4/22/2017,0,288,86400,0,0,0,4,2017,112,0,1,0.99
4/23/2017,0,288,86400,0,0,0,4,2017,113,0,1,0.983333333
4/24/2017,0,288,86400,0,0,0,4,2017,114,0,1,0.976666667
4/25/2017,0,288,86400,0,0,0,4,2017,115,0,1,0.97
4/26/2017,0,288,86400,0,0,0,4,2017,116,0,1,0.963333333
4/27/2017,0,288,86400,0,0,0,4,2017,117,0,1,0.956666667
4/28/2017,0,288,86400,0,0,0,4,2017,118,0,1,0.95
4/29/2017,0,288,86400,0,0,0,4,2017,119,0,1,0.943333333
4/30/2017,0,288,86400,0,0,0,4,2017,120,0,1,0.936666667
5/1/2017,0,288,86400,0,0,0,5,2017,121,0,1,0.93
5/2/2017,0,288,86400,0,0,0,5,2017,122,0,1,0.917096774
5/3/2017,0,288,86400,0,0,0,5,2017,123,0,1,0.904193548
5/4/2017,0,288,86400,0,0,0,5,2017,124,0,1,0.891290323
5/5/2017,0,288,86400,0,0,0,5,2017,125,0,1,0.878387097
5/6/2017,0,288,86400,0,0,0,5,2017,126,0,1,0.865483871
5/7/2017,0,288,86400,0,0,0,5,2017,127,0,1,0.852580645
5/8/2017,0,288,86400,0,0,0,5,2017,128,0,1,0.839677419
5/9/2017,0,288,86400,0,0,0,5,2017,129,0,1,0.826774194
5/10/2017,0,288,86400,0,0,0,5,2017,130,0,1,0.813870968
5/11/2017,0,288,86400,0,0,0,5,2017,131,0,1,0.800967742
5/12/2017,0,288,86400,0,0,0,5,2017,132,0,1,0.788064516
5/13/2017,0,288,86400,0,0,0,5,2017,133,0,1,0.77516129
5/14/2017,0,288,86400,0,0,0,5,2017,134,0,1,0.762258065
5/15/2017,0,288,86400,0,0,0,5,2017,135,0,1,0.749354839
5/16/2017,0,288,86400,0,0,0,5,2017,136,0,1,0.736451613
5/17/2017,0,288,86400,0,0,0,5,2017,137,0,1,0.723548387
5/18/2017,0,288,86400,0,0,0,5,2017,138,0,1,0.710645161
5/19/2017,0,288,86400,0,0,0,5,2017,139,0,1,0.697741935
5/20/2017,0,288,86400,0,0,0,5,2017,140,0,1,0.68483871
5/21/2017,0,288,86400,0,0,0,5,2017,141,0,1,0.671935484
5/22/2017,0,288,86400,0,0,0,5,2017,142,0,1,0.659032258
5/23/2017,0,288,86400,0,0,0,5,2017,143,0,1,0.646129032
5/24/2017,0,288,86400,0,0,0,5,2017,144,0,1,0.633225806
5/25/2017,0,288,86400,0,0,0,5,2017,145,0,1,0.620322581
5/26/2017,0,288,86400,0,0,0,5,2017,146,0,1,0.607419355
5/27/2017,0,288,86400,0,0,0,5,2017,147,0,1,0.594516129
5/28/2017,0,288,86400,0,0,0,5,2017,148,0,1,0.581612903
5/29/2017,0,288,86400,0,0,0,5,2017,149,0,1,0.568709677
5/30/2017,0,288,86400,0,0,0,5,2017,150,0,1,0.555806452
5/31/2017,0,288,86400,0,0,0,5,2017,151,0,1,0.542903226
6/1/2017,0,288,86400,0,0,0,6,2017,152,0,1,0.53
6/2/2017,0,288,86400,0,0,0,6,2017,153,0,1,0.52
6/3/2017,0,288,86400,0,0,0,6,2017,154,0,1,0.51
6/4/2017,0,288,86400,0,0,0,6,2017,155,0,1,0.5
6/5/2017,0,288,86400,0,0,0,6,2017,156,0,1,0.49
6/6/2017,0,288,86400,0,0,0,6,2017,157,0,1,0.48
6/7/2017,0,288,86400,0,0,0,6,2017,158,0,1,0.47
6/8/2017,0,288,86400,0,0,0,6,2017,159,0,1,0.46
6/9/2017,0,288,86400,0,0,0,6,2017,160,0,1,0.45
6/10/2017,0,288,86400,0,0,0,6,2017,161,0,1,0.44
6/11/2017,0,288,86400,0,0,0,6,2017,162,0,1,0.43
6/12/2017,0,288,86400,0,0,0,6,2017,163,0,1,0.42
6/13/2017,0,288,86400,0,0,0,6,2017,164,0,1,0.41
6/14/2017,0,288,86400,0,0,0,6,2017,165,0,1,0.4
6/15/2017,0,288,86400,0,0,0,6,2017,166,0,1,0.39
6/16/2017,0,288,86400,0,0,0,6,2017,167,0,1,0.38
6/17/2017,0,288,86400,0,0,0,6,2017,168,0,1,0.37
6/18/2017,0,288,86400,0,0,0,6,2017,169,0,1,0.36
6/19/2017,0,288,86400,0,0,0,6,2017,170,0,1,0.35
6/20/2017,0,288,86400,0,0,0,6,2017,171,0,1,0.34
6/21/2017,0,288,86400,0,0,0,6,2017,172,0,1,0.33
6/22/2017,0,288,86400,0,0,0,6,2017,173,0,1,0.32
6/23/2017,0,288,86400,0,0,0,6,2017,174,0,1,0.31
6/24/2017,0,288,86400,0,0,0,6,2017,175,0,1,0.3
6/25/2017,0,288,86400,0,0,0,6,2017,176,0,1,0.29
6/26/2017,0,288,86400,0,0,0,6,2017,177,0,1,0.28
6/27/2017,0,288,86400,0,0,0,6,2017,178,0,1,0.27
6/28/2017,0,288,86400,0,0,0,6,2017,179,0,1,0.26
6/29/2017,0,288,86400,0,0,0,6,2017,180,0,1,0.25
6/30/2017,0,288,86400,0,0,0,6,2017,181,0,1,0.24
7/1/2017,0,288,86400,0,0,0,7,2017,182,0,1,0.23
7/2/2017,0,288,86400,0,0,0,7,2017,183,0,1,0.224193548
7/3/2017,0,288,86400,0,0,0,7,2017,184,0,1,0.218387097
7/4/2017,0,288,86400,0,0,0,7,2017,185,0,1,0.212580645
7/5/2017,0,288,86400,0,0,0,7,2017,186,0,1,0.206774194
7/6/2017,0,288,86400,0,0,0,7,2017,187,0,1,0.200967742
7/7/2017,0,288,86400,0,0,0,7,2017,188,0,1,0.19516129
7/8/2017,0,288,86400,0,0,0,7,2017,189,0,1,0.189354839
7/9/2017,0,288,86400,0,0,0,7,2017,190,0,1,0.183548387
7/10/2017,0,288,86400,0,0,0,7,2017,191,0,1,0.177741935
7/11/2017,0,288,86400,0,0,0,7,2017,192,0,1,0.171935484
7/12/2017,0,288,86400,0,0,0,7,2017,193,0,1,0.166129032
7/13/2017,0,288,86400,0,0,0,7,2017,194,0,1,0.160322581
7/14/2017,0,288,86400,0,0,0,7,2017,195,0,1,0.154516129
7/15/2017,0,288,86400,0,0,0,7,2017,196,0,1,0.148709677
7/16/2017,0,288,86400,0,0,0,7,2017,197,0,1,0.142903226
7/17/2017,0,288,86400,0,0,0,7,2017,198,0,1,0.137096774
7/18/2017,0,288,86400,0,0,0,7,2017,199,0,1,0.131290323
7/19/2017,0,288,86400,0,0,0,7,2017,200,0,1,0.125483871
7/20/2017,0,288,86400,0,0,0,7,2017,201,0,1,0.119677419
7/21/2017,0,288,86400,0,0,0,7,2017,202,0,1,0.113870968
7/22/2017,0,288,86400,0,0,0,7,2017,203,0,1,0.108064516
7/23/2017,0,288,86400,0,0,0,7,2017,204,0,1,0.102258065
7/24/2017,0,288,86400,0,0,0,7,2017,205,0,1,0.096451613
7/25/2017,0,288,86400,0,0,0,7,2017,206,0,1,0.090645161
7/26/2017,0,288,86400,0,0,0,7,2017,207,0,1,0.08483871
7/27/2017,0,288,86400,0,0,0,7,2017,208,0,1,0.079032258
7/28/2017,0,288,86400,0,0,0,7,2017,209,0,1,0.073225806
7/29/2017,0,288,86400,0,0,0,7,2017,210,0,1,0.067419355
7/30/2017,0,288,86400,0,0,0,7,2017,211,0,1,0.061612903
7/31/2017,0,288,86400,0,0,0,7,2017,212,0,1,0.055806452
8/1/2017,0,288,86400,0,0,0,8,2017,213,0,1,0.05
8/2/2017,0,288,86400,0,0,0,8,2017,214,0,1,0.049677419
8/3/2017,0,288,86400,0,0,0,8,2017,215,0,1,0.049354839
8/4/2017,0,1,300,0,0,0,8,2017,216,0,0.003472222,0.049032258
8/5/2017,,,,,,,,,,,0,0.048709677
8/6/2017,,,,,,,,,,,0,0.048387097
8/7/2017,,,,,,,,,,,0,0.048064516
8/8/2017,,,,,,,,,,,0,0.047741935
8/9/2017,,,,,,,,,,,0,0.047419355
8/10/2017,,,,,,,,,,,0,0.047096774
8/11/2017,,,,,,,,,,,0,0.046774194
8/12/2017,,,,,,,,,,,0,0.046451613
8/13/2017,,,,,,,,,,,0,0.046129032
8/14/2017,,,,,,,,,,,0,0.045806452
8/15/2017,0,99.296,29788.8,0,0,0,8,2017,227,0,0.344777778,0.045483871
8/16/2017,0,112.992,33897.6,0,0,0,8,2017,228,0,0.392333333,0.04516129
8/17/2017,0,109.14,32742,0,0,0,8,2017,229,0,0.378958333,0.04483871
8/18/2017,0,112.136,33640.8,0,0,0,8,2017,230,0,0.389361111,0.044516129
8/19/2017,0,116.844,35053.2,0,0,0,8,2017,231,0,0.405708333,0.044193548
8/20/2017,0,108.284,32485.2,0,0,0,8,2017,232,0,0.375986111,0.043870968
8/21/2017,0,114.276,34282.8,0,0,0,8,2017,233,0,0.396791667,0.043548387
8/22/2017,3,115.132,34539.6,15,0.25,0.026057048,8,2017,234,6.762849414,0.399763889,0.043225806
8/23/2017,9,117.7,35310,45,0.75,0.07646559,8,2017,235,20.28854824,0.408680556,0.042903226
8/24/2017,7,71.048,21314.4,35,0.583333333,0.098524941,8,2017,236,15.77998197,0.246694444,0.042580645
8/25/2017,25,73.188,21956.4,125,2.083333333,0.341586052,8,2017,237,56.35707845,0.254125,0.042258065
8/26/2017,19,108.284,32485.2,95,1.583333333,0.175464519,8,2017,238,42.83137962,0.375986111,0.041935484
8/27/2017,3,113.42,34026,15,0.25,0.026450361,8,2017,239,6.762849414,0.393819444,0.041612903
8/28/2017,0,114.704,34411.2,0,0,0,8,2017,240,0,0.398277778,0.041290323
8/29/2017,0,102.292,30687.6,0,0,0,8,2017,241,0,0.355180556,0.040967742
8/30/2017,0,101.436,30430.8,0,0,0,8,2017,242,0,0.352208333,0.040645161
8/31/2017,0,108.284,32485.2,0,0,0,8,2017,243,0,0.375986111,0.040322581
9/1/2017,0,117.7,35310,0,0,0,9,2017,244,0,0.408680556,0.04
9/2/2017,0,119.412,35823.6,0,0,0,9,2017,245,0,0.414625,0.042333333
9/3/2017,10,113.848,34154.4,50,0.833333333,0.087836413,9,2017,246,22.54283138,0.395305556,0.044666667
9/4/2017,21,107.428,32228.4,105,1.75,0.195479763,9,2017,247,47.3399459,0.373013889,0.047
9/5/2017,2,118.128,35438.4,10,0.166666667,0.016930787,9,2017,248,4.508566276,0.410166667,0.049333333
9/6/2017,0,114.704,34411.2,0,0,0,9,2017,249,0,0.398277778,0.051666667
9/7/2017,0,118.984,35695.2,0,0,0,9,2017,250,0,0.413138889,0.054
9/8/2017,0,102.72,30816,0,0,0,9,2017,251,0,0.356666667,0.056333333
9/9/2017,0,111.708,33512.4,0,0,0,9,2017,252,0,0.387875,0.058666667
9/10/2017,0,107.428,32228.4,0,0,0,9,2017,253,0,0.373013889,0.061
9/11/2017,0,117.7,35310,0,0,0,9,2017,254,0,0.408680556,0.063333333
9/12/2017,0,93.732,28119.6,0,0,0,9,2017,255,0,0.325458333,0.065666667
9/13/2017,0,119.412,35823.6,0,0,0,9,2017,256,0,0.414625,0.068
9/14/2017,0,118.556,35566.8,0,0,0,9,2017,257,0,0.411652778,0.070333333
9/15/2017,0,115.56,34668,0,0,0,9,2017,258,0,0.40125,0.072666667
9/16/2017,0,120.268,36080.4,0,0,0,9,2017,259,0,0.417597222,0.075
9/17/2017,0,123.264,36979.2,0,0,0,9,2017,260,0,0.428,0.077333333
9/18/2017,0,118.556,35566.8,0,0,0,9,2017,261,0,0.411652778,0.079666667
9/19/2017,0,123.264,36979.2,0,0,0,9,2017,262,0,0.428,0.082
9/20/2017,0,119.412,35823.6,0,0,0,9,2017,263,0,0.414625,0.084333333
9/21/2017,1,109.14,32742,5,0.083333333,0.009162544,9,2017,264,2.254283138,0.378958333,0.086666667
9/22/2017,1,120.268,36080.4,5,0.083333333,0.008314764,9,2017,265,2.254283138,0.417597222,0.089
9/23/2017,0,120.696,36208.8,0,0,0,9,2017,266,0,0.419083333,0.091333333
9/24/2017,0,123.264,36979.2,0,0,0,9,2017,267,0,0.428,0.093666667
9/25/2017,0,119.412,35823.6,0,0,0,9,2017,268,0,0.414625,0.096
9/26/2017,0,116.416,34924.8,0,0,0,9,2017,269,0,0.404222222,0.098333333
9/27/2017,0,123.264,36979.2,0,0,0,9,2017,270,0,0.428,0.100666667
9/28/2017,0,119.412,35823.6,0,0,0,9,2017,271,0,0.414625,0.103
9/29/2017,0,118.556,35566.8,0,0,0,9,2017,272,0,0.411652778,0.105333333
9/30/2017,0,118.984,35695.2,0,0,0,9,2017,273,0,0.413138889,0.107666667
10/1/2017,0,116.416,34924.8,0,0,0,10,2017,274,0,0.404222222,0.11
10/2/2017,0,119.84,35952,0,0,0,10,2017,275,0,0.416111111,0.122903226
10/3/2017,0,118.128,35438.4,0,0,0,10,2017,276,0,0.410166667,0.135806452
10/4/2017,0,113.848,34154.4,0,0,0,10,2017,277,0,0.395305556,0.148709677
10/5/2017,0,117.272,35181.6,0,0,0,10,2017,278,0,0.407194444,0.161612903
10/6/2017,0,109.568,32870.4,0,0,0,10,2017,279,0,0.380444444,0.174516129
10/7/2017,0,107,32100,0,0,0,10,2017,280,0,0.371527778,0.187419355
10/8/2017,0,111.28,33384,0,0,0,10,2017,281,0,0.386388889,0.200322581
10/9/2017,0,118.984,35695.2,0,0,0,10,2017,282,0,0.413138889,0.213225806
10/10/2017,0,123.264,36979.2,0,0,0,10,2017,283,0,0.428,0.226129032
10/11/2017,0,118.984,35695.2,0,0,0,10,2017,284,0,0.413138889,0.239032258
10/12/2017,0,123.264,36979.2,0,0,0,10,2017,285,0,0.428,0.251935484
10/13/2017,0,123.264,36979.2,0,0,0,10,2017,286,0,0.428,0.26483871
10/14/2017,0,123.264,36979.2,0,0,0,10,2017,287,0,0.428,0.277741935
10/15/2017,0,123.264,36979.2,0,0,0,10,2017,288,0,0.428,0.290645161
10/16/2017,0,119.412,35823.6,0,0,0,10,2017,289,0,0.414625,0.303548387
10/17/2017,0,123.264,36979.2,0,0,0,10,2017,290,0,0.428,0.316451613
10/18/2017,0,116.844,35053.2,0,0,0,10,2017,291,0,0.405708333,0.329354839
10/19/2017,0,123.264,36979.2,0,0,0,10,2017,292,0,0.428,0.342258065
10/20/2017,0,123.264,36979.2,0,0,0,10,2017,293,0,0.428,0.35516129
10/21/2017,0,123.264,36979.2,0,0,0,10,2017,294,0,0.428,0.368064516
10/22/2017,0,123.264,36979.2,0,0,0,10,2017,295,0,0.428,0.380967742
10/23/2017,0,123.264,36979.2,0,0,0,10,2017,296,0,0.428,0.393870968
10/24/2017,0,123.264,36979.2,0,0,0,10,2017,297,0,0.428,0.406774194
10/25/2017,0,123.264,36979.2,0,0,0,10,2017,298,0,0.428,0.419677419
10/26/2017,0,123.264,36979.2,0,0,0,10,2017,299,0,0.428,0.432580645
10/27/2017,0,123.264,36979.2,0,0,0,10,2017,300,0,0.428,0.445483871
10/28/2017,0,123.264,36979.2,0,0,0,10,2017,301,0,0.428,0.458387097
10/29/2017,0,123.264,36979.2,0,0,0,10,2017,302,0,0.428,0.471290323
10/30/2017,0,123.264,36979.2,0,0,0,10,2017,303,0,0.428,0.484193548
10/31/2017,0,123.264,36979.2,0,0,0,10,2017,304,0,0.428,0.497096774
11/1/2017,0,123.264,36979.2,0,0,0,11,2017,305,0,0.428,0.51
11/2/2017,0,98.44,29532,0,0,0,11,2017,306,0,0.341805556,0.515333333
11/3/2017,0,92.02,27606,0,0,0,11,2017,307,0,0.319513889,0.520666667
11/4/2017,0,95.016,28504.8,0,0,0,11,2017,308,0,0.329916667,0.526
11/5/2017,0,123.264,36979.2,0,0,0,11,2017,309,0,0.428,0.531333333
11/6/2017,0,123.264,36979.2,0,0,0,11,2017,310,0,0.428,0.536666667
11/7/2017,0,123.264,36979.2,0,0,0,11,2017,311,0,0.428,0.542
11/8/2017,0,123.264,36979.2,0,0,0,11,2017,312,0,0.428,0.547333333
11/9/2017,0,123.264,36979.2,0,0,0,11,2017,313,0,0.428,0.552666667
11/10/2017,0,123.264,36979.2,0,0,0,11,2017,314,0,0.428,0.558
11/11/2017,0,123.264,36979.2,0,0,0,11,2017,315,0,0.428,0.563333333
11/12/2017,0,114.704,34411.2,0,0,0,11,2017,316,0,0.398277778,0.568666667
11/13/2017,0,95.016,28504.8,0,0,0,11,2017,317,0,0.329916667,0.574
11/14/2017,0,118.556,35566.8,0,0,0,11,2017,318,0,0.411652778,0.579333333
11/15/2017,0,123.264,36979.2,0,0,0,11,2017,319,0,0.428,0.584666667
11/16/2017,0,123.264,36979.2,0,0,0,11,2017,320,0,0.428,0.59
11/17/2017,0,123.264,36979.2,0,0,0,11,2017,321,0,0.428,0.595333333
11/18/2017,0,123.264,36979.2,0,0,0,11,2017,322,0,0.428,0.600666667
11/19/2017,0,123.264,36979.2,0,0,0,11,2017,323,0,0.428,0.606
11/20/2017,0,123.264,36979.2,0,0,0,11,2017,324,0,0.428,0.611333333
11/21/2017,0,123.264,36979.2,0,0,0,11,2017,325,0,0.428,0.616666667
11/22/2017,0,123.264,36979.2,0,0,0,11,2017,326,0,0.428,0.622
11/23/2017,0,123.264,36979.2,0,0,0,11,2017,327,0,0.428,0.627333333
11/24/2017,0,123.264,36979.2,0,0,0,11,2017,328,0,0.428,0.632666667
11/25/2017,0,123.264,36979.2,0,0,0,11,2017,329,0,0.428,0.638
11/26/2017,0,123.264,36979.2,0,0,0,11,2017,330,0,0.428,0.643333333
11/27/2017,0,123.264,36979.2,0,0,0,11,2017,331,0,0.428,0.648666667
11/28/2017,0,123.264,36979.2,0,0,0,11,2017,332,0,0.428,0.654
11/29/2017,0,123.264,36979.2,0,0,0,11,2017,333,0,0.428,0.659333333
11/30/2017,0,123.264,36979.2,0,0,0,11,2017,334,0,0.428,0.664666667
12/1/2017,0,123.264,36979.2,0,0,0,12,2017,335,0,0.428,0.67
12/2/2017,0,123.264,36979.2,0,0,0,12,2017,336,0,0.428,0.677096774
12/3/2017,0,123.264,36979.2,0,0,0,12,2017,337,0,0.428,0.684193548
12/4/2017,0,123.264,36979.2,0,0,0,12,2017,338,0,0.428,0.691290323
12/5/2017,0,123.264,36979.2,0,0,0,12,2017,339,0,0.428,0.698387097
12/6/2017,0,123.264,36979.2,0,0,0,12,2017,340,0,0.428,0.705483871
12/7/2017,0,123.264,36979.2,0,0,0,12,2017,341,0,0.428,0.712580645
12/8/2017,0,123.264,36979.2,0,0,0,12,2017,342,0,0.428,0.719677419
12/9/2017,0,123.264,36979.2,0,0,0,12,2017,343,0,0.428,0.726774194
12/10/2017,0,123.264,36979.2,0,0,0,12,2017,344,0,0.428,0.733870968
12/11/2017,0,123.264,36979.2,0,0,0,12,2017,345,0,0.428,0.740967742
12/12/2017,0,123.264,36979.2,0,0,0,12,2017,346,0,0.428,0.748064516
12/13/2017,0,123.264,36979.2,0,0,0,12,2017,347,0,0.428,0.75516129
12/14/2017,0,123.264,36979.2,0,0,0,12,2017,348,0,0.428,0.762258065
12/15/2017,0,123.264,36979.2,0,0,0,12,2017,349,0,0.428,0.769354839
12/16/2017,0,123.264,36979.2,0,0,0,12,2017,350,0,0.428,0.776451613
12/17/2017,0,123.264,36979.2,0,0,0,12,2017,351,0,0.428,0.783548387
12/18/2017,0,123.264,36979.2,0,0,0,12,2017,352,0,0.428,0.790645161
12/19/2017,0,123.264,36979.2,0,0,0,12,2017,353,0,0.428,0.797741935
12/20/2017,0,123.264,36979.2,0,0,0,12,2017,354,0,0.428,0.80483871
12/21/2017,0,123.264,36979.2,0,0,0,12,2017,355,0,0.428,0.811935484
12/22/2017,0,123.264,36979.2,0,0,0,12,2017,356,0,0.428,0.819032258
12/23/2017,0,123.264,36979.2,0,0,0,12,2017,357,0,0.428,0.826129032
12/24/2017,0,123.264,36979.2,0,0,0,12,2017,358,0,0.428,0.833225806
12/25/2017,0,123.264,36979.2,0,0,0,12,2017,359,0,0.428,0.840322581
12/26/2017,0,123.264,36979.2,0,0,0,12,2017,360,0,0.428,0.847419355
12/27/2017,0,123.264,36979.2,0,0,0,12,2017,361,0,0.428,0.854516129
12/28/2017,0,123.264,36979.2,0,0,0,12,2017,362,0,0.428,0.861612903
12/29/2017,0,123.264,36979.2,0,0,0,12,2017,363,0,0.428,0.868709677
12/30/2017,0,123.264,36979.2,0,0,0,12,2017,364,0,0.428,0.875806452
12/31/2017,0,123.264,36979.2,0,0,0,12,2017,365,0,0.428,0.882903226
1/1/2018,0,123.264,36979.2,0,0,0,1,2018,1,0,0.428,0.89
1/2/2018,0,123.264,36979.2,0,0,0,1,2018,2,0,0.428,0.898064516
1/3/2018,0,123.264,36979.2,0,0,0,1,2018,3,0,0.428,0.906129032
1/4/2018,0,123.264,36979.2,0,0,0,1,2018,4,0,0.428,0.914193548
1/5/2018,0,123.264,36979.2,0,0,0,1,2018,5,0,0.428,0.922258065
1/6/2018,0,123.264,36979.2,0,0,0,1,2018,6,0,0.428,0.930322581
1/7/2018,0,123.264,36979.2,0,0,0,1,2018,7,0,0.428,0.938387097
1/8/2018,0,123.264,36979.2,0,0,0,1,2018,8,0,0.428,0.946451613
1/9/2018,0,123.264,36979.2,0,0,0,1,2018,9,0,0.428,0.954516129
1/10/2018,0,123.264,36979.2,0,0,0,1,2018,10,0,0.428,0.962580645
1/11/2018,0,118.984,35695.2,0,0,0,1,2018,11,0,0.413138889,0.970645161
1/12/2018,0,123.264,36979.2,0,0,0,1,2018,12,0,0.428,0.978709677
1/13/2018,0,123.264,36979.2,0,0,0,1,2018,13,0,0.428,0.986774194
1/14/2018,0,123.264,36979.2,0,0,0,1,2018,14,0,0.428,0.99483871
1/15/2018,0,123.264,36979.2,0,0,0,1,2018,15,0,0.428,1.002903226
1/16/2018,0,123.264,36979.2,0,0,0,1,2018,16,0,0.428,1.010967742
1/17/2018,0,123.264,36979.2,0,0,0,1,2018,17,0,0.428,1.019032258
1/18/2018,0,123.264,36979.2,0,0,0,1,2018,18,0,0.428,1.027096774
1/19/2018,0,123.264,36979.2,0,0,0,1,2018,19,0,0.428,1.03516129
1/20/2018,0,123.264,36979.2,0,0,0,1,2018,20,0,0.428,1.043225806
1/21/2018,0,123.264,36979.2,0,0,0,1,2018,21,0,0.428,1.051290323
1/22/2018,0,123.264,36979.2,0,0,0,1,2018,22,0,0.428,1.059354839
1/23/2018,0,123.264,36979.2,0,0,0,1,2018,23,0,0.428,1.067419355
1/24/2018,0,123.264,36979.2,0,0,0,1,2018,24,0,0.428,1.075483871
1/25/2018,0,123.264,36979.2,0,0,0,1,2018,25,0,0.428,1.083548387
1/26/2018,0,123.264,36979.2,0,0,0,1,2018,26,0,0.428,1.091612903
1/27/2018,0,123.264,36979.2,0,0,0,1,2018,27,0,0.428,1.099677419
1/28/2018,0,123.264,36979.2,0,0,0,1,2018,28,0,0.428,1.107741935
1/29/2018,0,123.264,36979.2,0,0,0,1,2018,29,0,0.428,1.115806452
1/30/2018,0,0.428,128.4,0,0,0,1,2018,30,0,0.001486111,1.123870968
1/31/2018,,,,,,,,,,,0,1.131935484
2/1/2018,,,,,,,,,,,0,1.14
2/2/2018,,,,,,,,,,,0,1.138928571
2/3/2018,,,,,,,,,,,0,1.137857143
2/4/2018,,,,,,,,,,,0,1.136785714
2/5/2018,,,,,,,,,,,0,1.135714286
2/6/2018,,,,,,,,,,,0,1.134642857
2/7/2018,,,,,,,,,,,0,1.133571429
2/8/2018,,,,,,,,,,,0,1.1325
2/9/2018,,,,,,,,,,,0,1.131428571
2/10/2018,,,,,,,,,,,0,1.130357143
2/11/2018,,,,,,,,,,,0,1.129285714
2/12/2018,,,,,,,,,,,0,1.128214286
2/13/2018,,,,,,,,,,,0,1.127142857
2/14/2018,,,,,,,,,,,0,1.126071429
2/15/2018,,,,,,,,,,,0,1.125
2/16/2018,,,,,,,,,,,0,1.123928571
2/17/2018,,,,,,,,,,,0,1.122857143
2/18/2018,,,,,,,,,,,0,1.121785714
2/19/2018,,,,,,,,,,,0,1.120714286
2/20/2018,,,,,,,,,,,0,1.119642857
2/21/2018,,,,,,,,,,,0,1.118571429
2/22/2018,,,,,,,,,,,0,1.1175
2/23/2018,,,,,,,,,,,0,1.116428571
2/24/2018,,,,,,,,,,,0,1.115357143
2/25/2018,,,,,,,,,,,0,1.114285714
2/26/2018,,,,,,,,,,,0,1.113214286
2/27/2018,,,,,,,,,,,0,1.112142857
2/28/2018,,,,,,,,,,,0,1.111071429
3/1/2018,,,,,,,,,,,0,1.11
3/2/2018,,,,,,,,,,,0,1.106451613
3/3/2018,,,,,,,,,,,0,1.102903226
3/4/2018,,,,,,,,,,,0,1.099354839
3/5/2018,,,,,,,,,,,0,1.095806452
3/6/2018,,,,,,,,,,,0,1.092258065
3/7/2018,,,,,,,,,,,0,1.088709677
3/8/2018,,,,,,,,,,,0,1.08516129
3/9/2018,,,,,,,,,,,0,1.081612903
3/10/2018,,,,,,,,,,,0,1.078064516
3/11/2018,,,,,,,,,,,0,1.074516129
3/12/2018,,,,,,,,,,,0,1.070967742
3/13/2018,,,,,,,,,,,0,1.067419355
3/14/2018,,,,,,,,,,,0,1.063870968
3/15/2018,,,,,,,,,,,0,1.060322581
3/16/2018,,,,,,,,,,,0,1.056774194
3/17/2018,,,,,,,,,,,0,1.053225806
3/18/2018,,,,,,,,,,,0,1.049677419
3/19/2018,,,,,,,,,,,0,1.046129032
3/20/2018,,,,,,,,,,,0,1.042580645
3/21/2018,,,,,,,,,,,0,1.039032258
3/22/2018,,,,,,,,,,,0,1.035483871
3/23/2018,,,,,,,,,,,0,1.031935484
3/24/2018,,,,,,,,,,,0,1.028387097
3/25/2018,,,,,,,,,,,0,1.02483871
3/26/2018,,,,,,,,,,,0,1.021290323
3/27/2018,,,,,,,,,,,0,1.017741935
3/28/2018,,,,,,,,,,,0,1.014193548
3/29/2018,,,,,,,,,,,0,1.010645161
3/30/2018,,,,,,,,,,,0,1.007096774
3/31/2018,,,,,,,,,,,0,1.003548387
4/1/2018,,,,,,,,,,,0,1
4/2/2018,,,,,,,,,,,0,0.995
4/3/2018,,,,,,,,,,,0,0.99
4/4/2018,,,,,,,,,,,0,0.985
4/5/2018,,,,,,,,,,,0,0.98
4/6/2018,,,,,,,,,,,0,0.975
4/7/2018,,,,,,,,,,,0,0.97
4/8/2018,,,,,,,,,,,0,0.965
4/9/2018,,,,,,,,,,,0,0.96
4/10/2018,,,,,,,,,,,0,0.955
4/11/2018,,,,,,,,,,,0,0.95
4/12/2018,,,,,,,,,,,0,0.945
4/13/2018,,,,,,,,,,,0,0.94
4/14/2018,,,,,,,,,,,0,0.935
4/15/2018,,,,,,,,,,,0,0.93
4/16/2018,,,,,,,,,,,0,0.925
4/17/2018,,,,,,,,,,,0,0.92
4/18/2018,,,,,,,,,,,0,0.915
4/19/2018,,,,,,,,,,,0,0.91
4/20/2018,,,,,,,,,,,0,0.905
4/21/2018,,,,,,,,,,,0,0.9
4/22/2018,,,,,,,,,,,0,0.895
4/23/2018,,,,,,,,,,,0,0.89
4/24/2018,,,,,,,,,,,0,0.885
4/25/2018,,,,,,,,,,,0,0.88
4/26/2018,,,,,,,,,,,0,0.875
4/27/2018,,,,,,,,,,,0,0.87
4/28/2018,,,,,,,,,,,0,0.865
4/29/2018,,,,,,,,,,,0,0.86
4/30/2018,,,,,,,,,,,0,0.855
5/1/2018,,,,,,,,,,,0,0.85
5/2/2018,,,,,,,,,,,0,0.84
5/3/2018,,,,,,,,,,,0,0.83
5/4/2018,,,,,,,,,,,0,0.82
5/5/2018,,,,,,,,,,,0,0.81
5/6/2018,,,,,,,,,,,0,0.8
5/7/2018,,,,,,,,,,,0,0.79
5/8/2018,,,,,,,,,,,0,0.78
5/9/2018,,,,,,,,,,,0,0.77
5/10/2018,,,,,,,,,,,0,0.76
5/11/2018,,,,,,,,,,,0,0.75
5/12/2018,,,,,,,,,,,0,0.74
5/13/2018,,,,,,,,,,,0,0.73
5/14/2018,,,,,,,,,,,0,0.72
5/15/2018,,,,,,,,,,,0,0.71
5/16/2018,,,,,,,,,,,0,0.7
5/17/2018,,,,,,,,,,,0,0.69
5/18/2018,,,,,,,,,,,0,0.68
5/19/2018,,,,,,,,,,,0,0.67
5/20/2018,,,,,,,,,,,0,0.66
5/21/2018,,,,,,,,,,,0,0.65
5/22/2018,,,,,,,,,,,0,0.64
5/23/2018,,,,,,,,,,,0,0.63
5/24/2018,,,,,,,,,,,0,0.62
5/25/2018,,,,,,,,,,,0,0.61
5/26/2018,,,,,,,,,,,0,0.6
5/27/2018,,,,,,,,,,,0,0.59
5/28/2018,,,,,,,,,,,0,0.58
5/29/2018,,,,,,,,,,,0,0.57
5/30/2018,,,,,,,,,,,0,0.56
5/31/2018,,,,,,,,,,,0,0.55
6/1/2018,,,,,,,,,,,0,0.54
6/2/2018,,,,,,,,,,,0,0.529
6/3/2018,,,,,,,,,,,0,0.518
6/4/2018,,,,,,,,,,,0,0.507
6/5/2018,,,,,,,,,,,0,0.496
6/6/2018,,,,,,,,,,,0,0.485
6/7/2018,,,,,,,,,,,0,0.474
6/8/2018,,,,,,,,,,,0,0.463
6/9/2018,,,,,,,,,,,0,0.452
6/10/2018,,,,,,,,,,,0,0.441
6/11/2018,,,,,,,,,,,0,0.43
6/12/2018,,,,,,,,,,,0,0.419
6/13/2018,,,,,,,,,,,0,0.408
6/14/2018,,,,,,,,,,,0,0.397
6/15/2018,,,,,,,,,,,0,0.386
6/16/2018,,,,,,,,,,,0,0.375
6/17/2018,,,,,,,,,,,0,0.364
6/18/2018,,,,,,,,,,,0,0.353
6/19/2018,,,,,,,,,,,0,0.342
6/20/2018,,,,,,,,,,,0,0.331
6/21/2018,,,,,,,,,,,0,0.32
6/22/2018,,,,,,,,,,,0,0.309
6/23/2018,,,,,,,,,,,0,0.298
6/24/2018,,,,,,,,,,,0,0.287
6/25/2018,,,,,,,,,,,0,0.276
6/26/2018,,,,,,,,,,,0,0.265
6/27/2018,,,,,,,,,,,0,0.254
6/28/2018,,,,,,,,,,,0,0.243
6/29/2018,,,,,,,,,,,0,0.232
6/30/2018,,,,,,,,,,,0,0.221
7/1/2018,,,,,,,,,,,0,0.21
7/2/2018,,,,,,,,,,,0,0.20483871
7/3/2018,,,,,,,,,,,0,0.199677419
7/4/2018,,,,,,,,,,,0,0.194516129
7/5/2018,,,,,,,,,,,0,0.189354839
7/6/2018,,,,,,,,,,,0,0.184193548
7/7/2018,,,,,,,,,,,0,0.179032258
7/8/2018,,,,,,,,,,,0,0.173870968
7/9/2018,,,,,,,,,,,0,0.168709677
7/10/2018,,,,,,,,,,,0,0.163548387
7/11/2018,,,,,,,,,,,0,0.158387097
7/12/2018,,,,,,,,,,,0,0.153225806
7/13/2018,,,,,,,,,,,0,0.148064516
7/14/2018,,,,,,,,,,,0,0.142903226
7/15/2018,,,,,,,,,,,0,0.137741935
7/16/2018,,,,,,,,,,,0,0.132580645
7/17/2018,,,,,,,,,,,0,0.127419355
7/18/2018,,,,,,,,,,,0,0.122258065
7/19/2018,,,,,,,,,,,0,0.117096774
7/20/2018,,,,,,,,,,,0,0.111935484
7/21/2018,,,,,,,,,,,0,0.106774194
7/22/2018,,,,,,,,,,,0,0.101612903
7/23/2018,,,,,,,,,,,0,0.096451613
7/24/2018,,,,,,,,,,,0,0.091290323
7/25/2018,,,,,,,,,,,0,0.086129032
7/26/2018,,,,,,,,,,,0,0.080967742
7/27/2018,,,,,,,,,,,0,0.075806452
7/28/2018,,,,,,,,,,,0,0.070645161
7/29/2018,,,,,,,,,,,0,0.065483871
7/30/2018,,,,,,,,,,,0,0.060322581
7/31/2018,,,,,,,,,,,0,0.05516129
8/1/2018,,,,,,,,,,,0,0.05
8/2/2018,,,,,,,,,,,0,0.049677419
8/3/2018,,,,,,,,,,,0,0.049354839
8/4/2018,,,,,,,,,,,0,0.049032258
8/5/2018,,,,,,,,,,,0,0.048709677
8/6/2018,,,,,,,,,,,0,0.048387097
8/7/2018,,,,,,,,,,,0,0.048064516
8/8/2018,,,,,,,,,,,0,0.047741935
8/9/2018,,,,,,,,,,,0,0.047419355
8/10/2018,,,,,,,,,,,0,0.047096774
8/11/2018,,,,,,,,,,,0,0.046774194
8/12/2018,,,,,,,,,,,0,0.046451613
8/13/2018,,,,,,,,,,,0,0.046129032
8/14/2018,,,,,,,,,,,0,0.045806452
8/15/2018,,,,,,,,,,,0,0.045483871
8/16/2018,,,,,,,,,,,0,0.04516129
8/17/2018,,,,,,,,,,,0,0.04483871
8/18/2018,,,,,,,,,,,0,0.044516129
8/19/2018,,,,,,,,,,,0,0.044193548
8/20/2018,,,,,,,,,,,0,0.043870968
8/21/2018,,,,,,,,,,,0,0.043548387
8/22/2018,,,,,,,,,,,0,0.043225806
8/23/2018,,,,,,,,,,,0,0.042903226
8/24/2018,,,,,,,,,,,0,0.042580645
8/25/2018,,,,,,,,,,,0,0.042258065
8/26/2018,,,,,,,,,,,0,0.041935484
8/27/2018,,,,,,,,,,,0,0.041612903
8/28/2018,,,,,,,,,,,0,0.041290323
8/29/2018,,,,,,,,,,,0,0.040967742
8/30/2018,,,,,,,,,,,0,0.040645161
8/31/2018,,,,,,,,,,,0,0.040322581
9/1/2018,,,,,,,,,,,0,0.04
9/2/2018,,,,,,,,,,,0,0.043333333
9/3/2018,,,,,,,,,,,0,0.046666667
9/4/2018,,,,,,,,,,,0,0.05
9/5/2018,,,,,,,,,,,0,0.053333333
9/6/2018,,,,,,,,,,,0,0.056666667
9/7/2018,,,,,,,,,,,0,0.06
9/8/2018,,,,,,,,,,,0,0.063333333
9/9/2018,,,,,,,,,,,0,0.066666667
9/10/2018,,,,,,,,,,,0,0.07
9/11/2018,,,,,,,,,,,0,0.073333333
9/12/2018,,,,,,,,,,,0,0.076666667
9/13/2018,,,,,,,,,,,0,0.08
9/14/2018,,,,,,,,,,,0,0.083333333
9/15/2018,,,,,,,,,,,0,0.086666667
9/16/2018,,,,,,,,,,,0,0.09
9/17/2018,,,,,,,,,,,0,0.093333333
9/18/2018,,,,,,,,,,,0,0.096666667
9/19/2018,,,,,,,,,,,0,0.1
9/20/2018,,,,,,,,,,,0,0.103333333
9/21/2018,,,,,,,,,,,0,0.106666667
9/22/2018,,,,,,,,,,,0,0.11
9/23/2018,,,,,,,,,,,0,0.113333333
9/24/2018,,,,,,,,,,,0,0.116666667
9/25/2018,,,,,,,,,,,0,0.12
9/26/2018,,,,,,,,,,,0,0.123333333
9/27/2018,0,288,86400,0,0,0,9,2018,270,0,1,0.126666667
9/28/2018,24,288,86400,120,2,0.083333333,9,2018,271,24,1,0.13
9/29/2018,16,286,85800,80,1.333333333,0.055944056,9,2018,272,16,0.993055556,0.133333333
9/30/2018,105,288,86400,525,8.75,0.364583333,9,2018,273,105,1,0.136666667
10/1/2018,3,288,86400,15,0.25,0.010416667,10,2018,274,3,1,0.14
10/2/2018,24,282,84600,120,2,0.085106383,10,2018,275,24,0.979166667,0.154193548
10/3/2018,0,252,75600,0,0,0,10,2018,276,0,0.875,0.168387097
10/4/2018,26,257,77100,130,2.166666667,0.101167315,10,2018,277,26,0.892361111,0.182580645
10/5/2018,2,274,82200,10,0.166666667,0.00729927,10,2018,278,2,0.951388889,0.196774194
10/6/2018,0,288,86400,0,0,0,10,2018,279,0,1,0.210967742
10/7/2018,9,283,84900,45,0.75,0.03180212,10,2018,280,9,0.982638889,0.22516129
10/8/2018,37,288,86400,185,3.083333333,0.128472222,10,2018,281,37,1,0.239354839
10/9/2018,0,288,86400,0,0,0,10,2018,282,0,1,0.253548387
10/10/2018,0,282,84600,0,0,0,10,2018,283,0,0.979166667,0.267741935
10/11/2018,0,281,84300,0,0,0,10,2018,284,0,0.975694444,0.281935484
10/12/2018,0,282,84600,0,0,0,10,2018,285,0,0.979166667,0.296129032
10/13/2018,0,266,79800,0,0,0,10,2018,286,0,0.923611111,0.310322581
10/14/2018,0,277,83100,0,0,0,10,2018,287,0,0.961805556,0.324516129
10/15/2018,0,278,83400,0,0,0,10,2018,288,0,0.965277778,0.338709677
10/16/2018,0,257,77100,0,0,0,10,2018,289,0,0.892361111,0.352903226
10/17/2018,0,279,83700,0,0,0,10,2018,290,0,0.96875,0.367096774
10/18/2018,0,279,83700,0,0,0,10,2018,291,0,0.96875,0.381290323
10/19/2018,0,286,85800,0,0,0,10,2018,292,0,0.993055556,0.395483871
10/20/2018,0,268,80400,0,0,0,10,2018,293,0,0.930555556,0.409677419
10/21/2018,0,275,82500,0,0,0,10,2018,294,0,0.954861111,0.423870968
10/22/2018,0,288,86400,0,0,0,10,2018,295,0,1,0.438064516
10/23/2018,0,288,86400,0,0,0,10,2018,296,0,1,0.452258065
10/24/2018,0,288,86400,0,0,0,10,2018,297,0,1,0.466451613
10/25/2018,0,288,86400,0,0,0,10,2018,298,0,1,0.480645161
10/26/2018,0,288,86400,0,0,0,10,2018,299,0,1,0.49483871
10/27/2018,0,288,86400,0,0,0,10,2018,300,0,1,0.509032258
10/28/2018,0,288,86400,0,0,0,10,2018,301,0,1,0.523225806
10/29/2018,0,288,86400,0,0,0,10,2018,302,0,1,0.537419355
10/30/2018,0,288,86400,0,0,0,10,2018,303,0,1,0.551612903
10/31/2018,0,288,86400,0,0,0,10,2018,304,0,1,0.565806452
11/1/2018,0,288,86400,0,0,0,11,2018,305,0,1,0.58
11/2/2018,0,288,86400,0,0,0,11,2018,306,0,1,0.585666667
11/3/2018,0,288,86400,0,0,0,11,2018,307,0,1,0.591333333
11/4/2018,0,288,86400,0,0,0,11,2018,308,0,1,0.597
11/5/2018,0,288,86400,0,0,0,11,2018,309,0,1,0.602666667
11/6/2018,0,288,86400,0,0,0,11,2018,310,0,1,0.608333333
11/7/2018,0,288,86400,0,0,0,11,2018,311,0,1,0.614
11/8/2018,0,288,86400,0,0,0,11,2018,312,0,1,0.619666667
11/9/2018,0,288,86400,0,0,0,11,2018,313,0,1,0.625333333
11/10/2018,0,288,86400,0,0,0,11,2018,314,0,1,0.631
11/11/2018,0,288,86400,0,0,0,11,2018,315,0,1,0.636666667
11/12/2018,0,288,86400,0,0,0,11,2018,316,0,1,0.642333333
11/13/2018,0,288,86400,0,0,0,11,2018,317,0,1,0.648
11/14/2018,0,281,84300,0,0,0,11,2018,318,0,0.975694444,0.653666667
11/15/2018,0,286,85800,0,0,0,11,2018,319,0,0.993055556,0.659333333
11/16/2018,0,288,86400,0,0,0,11,2018,320,0,1,0.665
11/17/2018,0,288,86400,0,0,0,11,2018,321,0,1,0.670666667
11/18/2018,0,284,85200,0,0,0,11,2018,322,0,0.986111111,0.676333333
11/19/2018,0,288,86400,0,0,0,11,2018,323,0,1,0.682
11/20/2018,0,288,86400,0,0,0,11,2018,324,0,1,0.687666667
11/21/2018,0,288,86400,0,0,0,11,2018,325,0,1,0.693333333
11/22/2018,0,288,86400,0,0,0,11,2018,326,0,1,0.699
11/23/2018,0,288,86400,0,0,0,11,2018,327,0,1,0.704666667
11/24/2018,0,288,86400,0,0,0,11,2018,328,0,1,0.710333333
11/25/2018,0,288,86400,0,0,0,11,2018,329,0,1,0.716
11/26/2018,0,288,86400,0,0,0,11,2018,330,0,1,0.721666667
11/27/2018,0,288,86400,0,0,0,11,2018,331,0,1,0.727333333
11/28/2018,0,288,86400,0,0,0,11,2018,332,0,1,0.733
11/29/2018,0,288,86400,0,0,0,11,2018,333,0,1,0.738666667
11/30/2018,0,288,86400,0,0,0,11,2018,334,0,1,0.744333333
12/1/2018,0,288,86400,0,0,0,12,2018,335,0,1,0.75
12/2/2018,0,288,86400,0,0,0,12,2018,336,0,1,0.756451613
12/3/2018,0,288,86400,0,0,0,12,2018,337,0,1,0.762903226
12/4/2018,0,288,86400,0,0,0,12,2018,338,0,1,0.769354839
12/5/2018,0,288,86400,0,0,0,12,2018,339,0,1,0.775806452
12/6/2018,0,288,86400,0,0,0,12,2018,340,0,1,0.782258065
12/7/2018,0,288,86400,0,0,0,12,2018,341,0,1,0.788709677
12/8/2018,0,288,86400,0,0,0,12,2018,342,0,1,0.79516129
12/9/2018,0,288,86400,0,0,0,12,2018,343,0,1,0.801612903
12/10/2018,0,288,86400,0,0,0,12,2018,344,0,1,0.808064516
12/11/2018,0,288,86400,0,0,0,12,2018,345,0,1,0.814516129
12/12/2018,0,288,86400,0,0,0,12,2018,346,0,1,0.820967742
12/13/2018,0,288,86400,0,0,0,12,2018,347,0,1,0.827419355
12/14/2018,0,288,86400,0,0,0,12,2018,348,0,1,0.833870968
12/15/2018,0,288,86400,0,0,0,12,2018,349,0,1,0.840322581
12/16/2018,0,288,86400,0,0,0,12,2018,350,0,1,0.846774194
12/17/2018,0,288,86400,0,0,0,12,2018,351,0,1,0.853225806
12/18/2018,0,288,86400,0,0,0,12,2018,352,0,1,0.859677419
12/19/2018,0,288,86400,0,0,0,12,2018,353,0,1,0.866129032
12/20/2018,0,288,86400,0,0,0,12,2018,354,0,1,0.872580645
12/21/2018,0,288,86400,0,0,0,12,2018,355,0,1,0.879032258
12/22/2018,0,288,86400,0,0,0,12,2018,356,0,1,0.885483871
12/23/2018,0,288,86400,0,0,0,12,2018,357,0,1,0.891935484
12/24/2018,0,288,86400,0,0,0,12,2018,358,0,1,0.898387097
12/25/2018,0,288,86400,0,0,0,12,2018,359,0,1,0.90483871
12/26/2018,0,288,86400,0,0,0,12,2018,360,0,1,0.911290323
12/27/2018,0,288,86400,0,0,0,12,2018,361,0,1,0.917741935
12/28/2018,0,288,86400,0,0,0,12,2018,362,0,1,0.924193548
12/29/2018,0,288,86400,0,0,0,12,2018,363,0,1,0.930645161
12/30/2018,0,288,86400,0,0,0,12,2018,364,0,1,0.937096774
12/31/2018,0,288,86400,0,0,0,12,2018,365,0,1,0.943548387
1/1/2019,0,288,86400,0,0,0,1,2019,1,0,1,0.95
1/2/2019,0,288,86400,0,0,0,1,2019,2,0,1,0.953225806
1/3/2019,0,288,86400,0,0,0,1,2019,3,0,1,0.956451613
1/4/2019,0,288,86400,0,0,0,1,2019,4,0,1,0.959677419
1/5/2019,0,288,86400,0,0,0,1,2019,5,0,1,0.962903226
1/6/2019,0,288,86400,0,0,0,1,2019,6,0,1,0.966129032
1/7/2019,0,288,86400,0,0,0,1,2019,7,0,1,0.969354839
1/8/2019,0,288,86400,0,0,0,1,2019,8,0,1,0.972580645
1/9/2019,0,288,86400,0,0,0,1,2019,9,0,1,0.975806452
1/10/2019,0,288,86400,0,0,0,1,2019,10,0,1,0.979032258
1/11/2019,0,288,86400,0,0,0,1,2019,11,0,1,0.982258065
1/12/2019,0,288,86400,0,0,0,1,2019,12,0,1,0.985483871
1/13/2019,0,288,86400,0,0,0,1,2019,13,0,1,0.988709677
1/14/2019,0,288,86400,0,0,0,1,2019,14,0,1,0.991935484
1/15/2019,0,288,86400,0,0,0,1,2019,15,0,1,0.99516129
1/16/2019,0,288,86400,0,0,0,1,2019,16,0,1,0.998387097
1/17/2019,0,288,86400,0,0,0,1,2019,17,0,1,1.001612903
1/18/2019,0,288,86400,0,0,0,1,2019,18,0,1,1.00483871
1/19/2019,0,284,85200,0,0,0,1,2019,19,0,0.986111111,1.008064516
1/20/2019,0,288,86400,0,0,0,1,2019,20,0,1,1.011290323
1/21/2019,0,288,86400,0,0,0,1,2019,21,0,1,1.014516129
1/22/2019,0,288,86400,0,0,0,1,2019,22,0,1,1.017741935
1/23/2019,0,288,86400,0,0,0,1,2019,23,0,1,1.020967742
1/24/2019,0,288,86400,0,0,0,1,2019,24,0,1,1.024193548
1/25/2019,0,288,86400,0,0,0,1,2019,25,0,1,1.027419355
1/26/2019,0,288,86400,0,0,0,1,2019,26,0,1,1.030645161
1/27/2019,0,288,86400,0,0,0,1,2019,27,0,1,1.033870968
1/28/2019,0,288,86400,0,0,0,1,2019,28,0,1,1.037096774
1/29/2019,0,288,86400,0,0,0,1,2019,29,0,1,1.040322581
1/30/2019,0,288,86400,0,0,0,1,2019,30,0,1,1.043548387
1/31/2019,0,288,86400,0,0,0,1,2019,31,0,1,1.046774194
2/1/2019,0,288,86400,0,0,0,2,2019,32,0,1,1.05
2/2/2019,0,288,86400,0,0,0,2,2019,33,0,1,1.049285714
2/3/2019,0,288,86400,0,0,0,2,2019,34,0,1,1.048571429
2/4/2019,0,288,86400,0,0,0,2,2019,35,0,1,1.047857143
2/5/2019,0,285,85500,0,0,0,2,2019,36,0,0.989583333,1.047142857
2/6/2019,0,280,84000,0,0,0,2,2019,37,0,0.972222222,1.046428571
2/7/2019,0,288,86400,0,0,0,2,2019,38,0,1,1.045714286
2/8/2019,0,282,84600,0,0,0,2,2019,39,0,0.979166667,1.045
2/9/2019,0,288,86400,0,0,0,2,2019,40,0,1,1.044285714
2/10/2019,0,288,86400,0,0,0,2,2019,41,0,1,1.043571429
2/11/2019,0,288,86400,0,0,0,2,2019,42,0,1,1.042857143
2/12/2019,0,288,86400,0,0,0,2,2019,43,0,1,1.042142857
2/13/2019,0,288,86400,0,0,0,2,2019,44,0,1,1.041428571
2/14/2019,0,288,86400,0,0,0,2,2019,45,0,1,1.040714286
2/15/2019,0,288,86400,0,0,0,2,2019,46,0,1,1.04
2/16/2019,0,288,86400,0,0,0,2,2019,47,0,1,1.039285714
2/17/2019,0,288,86400,0,0,0,2,2019,48,0,1,1.038571429
2/18/2019,0,288,86400,0,0,0,2,2019,49,0,1,1.037857143
2/19/2019,0,288,86400,0,0,0,2,2019,50,0,1,1.037142857
2/20/2019,0,288,86400,0,0,0,2,2019,51,0,1,1.036428571
2/21/2019,0,288,86400,0,0,0,2,2019,52,0,1,1.035714286
2/22/2019,0,288,86400,0,0,0,2,2019,53,0,1,1.035
2/23/2019,0,288,86400,0,0,0,2,2019,54,0,1,1.034285714
2/24/2019,0,288,86400,0,0,0,2,2019,55,0,1,1.033571429
2/25/2019,0,288,86400,0,0,0,2,2019,56,0,1,1.032857143
2/26/2019,0,288,86400,0,0,0,2,2019,57,0,1,1.032142857
2/27/2019,0,288,86400,0,0,0,2,2019,58,0,1,1.031428571
2/28/2019,0,288,86400,0,0,0,2,2019,59,0,1,1.030714286
3/1/2019,0,288,86400,0,0,0,3,2019,60,0,1,1.03
3/2/2019,0,288,86400,0,0,0,3,2019,61,0,1,1.026774194
3/3/2019,0,284,85200,0,0,0,3,2019,62,0,0.986111111,1.023548387
3/4/2019,0,288,86400,0,0,0,3,2019,63,0,1,1.020322581
3/5/2019,0,275,82500,0,0,0,3,2019,64,0,0.954861111,1.017096774
3/6/2019,0,288,86400,0,0,0,3,2019,65,0,1,1.013870968
3/7/2019,0,288,86400,0,0,0,3,2019,66,0,1,1.010645161
3/8/2019,0,288,86400,0,0,0,3,2019,67,0,1,1.007419355
3/9/2019,0,288,86400,0,0,0,3,2019,68,0,1,1.004193548
3/10/2019,0,288,86400,0,0,0,3,2019,69,0,1,1.000967742
3/11/2019,0,288,86400,0,0,0,3,2019,70,0,1,0.997741935
3/12/2019,0,288,86400,0,0,0,3,2019,71,0,1,0.994516129
3/13/2019,0,288,86400,0,0,0,3,2019,72,0,1,0.991290323
3/14/2019,0,288,86400,0,0,0,3,2019,73,0,1,0.988064516
3/15/2019,0,288,86400,0,0,0,3,2019,74,0,1,0.98483871
3/16/2019,0,288,86400,0,0,0,3,2019,75,0,1,0.981612903
3/17/2019,0,288,86400,0,0,0,3,2019,76,0,1,0.978387097
3/18/2019,0,280,84000,0,0,0,3,2019,77,0,0.972222222,0.97516129
3/19/2019,0,288,86400,0,0,0,3,2019,78,0,1,0.971935484
3/20/2019,0,288,86400,0,0,0,3,2019,79,0,1,0.968709677
3/21/2019,0,288,86400,0,0,0,3,2019,80,0,1,0.965483871
3/22/2019,0,288,86400,0,0,0,3,2019,81,0,1,0.962258065
3/23/2019,0,288,86400,0,0,0,3,2019,82,0,1,0.959032258
3/24/2019,0,288,86400,0,0,0,3,2019,83,0,1,0.955806452
3/25/2019,0,281,84300,0,0,0,3,2019,84,0,0.975694444,0.952580645
3/26/2019,0,288,86400,0,0,0,3,2019,85,0,1,0.949354839
3/27/2019,0,287,86100,0,0,0,3,2019,86,0,0.996527778,0.946129032
3/28/2019,0,288,86400,0,0,0,3,2019,87,0,1,0.942903226
3/29/2019,0,288,86400,0,0,0,3,2019,88,0,1,0.939677419
3/30/2019,0,288,86400,0,0,0,3,2019,89,0,1,0.936451613
3/31/2019,0,288,86400,0,0,0,3,2019,90,0,1,0.933225806
4/1/2019,0,288,86400,0,0,0,4,2019,91,0,1,0.93
4/2/2019,0,288,86400,0,0,0,4,2019,92,0,1,0.923333333
4/3/2019,0,288,86400,0,0,0,4,2019,93,0,1,0.916666667
4/4/2019,0,285,85500,0,0,0,4,2019,94,0,0.989583333,0.91
4/5/2019,0,251,75300,0,0,0,4,2019,95,0,0.871527778,0.903333333
4/6/2019,0,288,86400,0,0,0,4,2019,96,0,1,0.896666667
4/7/2019,0,288,86400,0,0,0,4,2019,97,0,1,0.89
4/8/2019,0,288,86400,0,0,0,4,2019,98,0,1,0.883333333
4/9/2019,0,288,86400,0,0,0,4,2019,99,0,1,0.876666667
4/10/2019,0,288,86400,0,0,0,4,2019,100,0,1,0.87
4/11/2019,0,288,86400,0,0,0,4,2019,101,0,1,0.863333333
4/12/2019,0,288,86400,0,0,0,4,2019,102,0,1,0.856666667
4/13/2019,0,288,86400,0,0,0,4,2019,103,0,1,0.85
4/14/2019,0,288,86400,0,0,0,4,2019,104,0,1,0.843333333
4/15/2019,0,260,78000,0,0,0,4,2019,105,0,0.902777778,0.836666667
4/16/2019,0,288,86400,0,0,0,4,2019,106,0,1,0.83
4/17/2019,0,288,86400,0,0,0,4,2019,107,0,1,0.823333333
4/18/2019,0,288,86400,0,0,0,4,2019,108,0,1,0.816666667
4/19/2019,0,288,86400,0,0,0,4,2019,109,0,1,0.81
4/20/2019,0,288,86400,0,0,0,4,2019,110,0,1,0.803333333
4/21/2019,0,288,86400,0,0,0,4,2019,111,0,1,0.796666667
4/22/2019,0,288,86400,0,0,0,4,2019,112,0,1,0.79
4/23/2019,0,288,86400,0,0,0,4,2019,113,0,1,0.783333333
4/24/2019,0,288,86400,0,0,0,4,2019,114,0,1,0.776666667
4/25/2019,0,288,86400,0,0,0,4,2019,115,0,1,0.77
4/26/2019,0,288,86400,0,0,0,4,2019,116,0,1,0.763333333
4/27/2019,0,288,86400,0,0,0,4,2019,117,0,1,0.756666667
4/28/2019,0,288,86400,0,0,0,4,2019,118,0,1,0.75
4/29/2019,0,288,86400,0,0,0,4,2019,119,0,1,0.743333333
4/30/2019,0,286,85800,0,0,0,4,2019,120,0,0.993055556,0.736666667
5/1/2019,0,288,86400,0,0,0,5,2019,121,0,1,0.73
5/2/2019,0,288,86400,0,0,0,5,2019,122,0,1,0.718709677
5/3/2019,0,288,86400,0,0,0,5,2019,123,0,1,0.707419355
5/4/2019,0,288,86400,0,0,0,5,2019,124,0,1,0.696129032
5/5/2019,0,288,86400,0,0,0,5,2019,125,0,1,0.68483871
5/6/2019,0,288,86400,0,0,0,5,2019,126,0,1,0.673548387
5/7/2019,0,288,86400,0,0,0,5,2019,127,0,1,0.662258065
5/8/2019,0,288,86400,0,0,0,5,2019,128,0,1,0.650967742
5/9/2019,0,288,86400,0,0,0,5,2019,129,0,1,0.639677419
5/10/2019,0,288,86400,0,0,0,5,2019,130,0,1,0.628387097
5/11/2019,0,288,86400,0,0,0,5,2019,131,0,1,0.617096774
5/12/2019,0,288,86400,0,0,0,5,2019,132,0,1,0.605806452
5/13/2019,0,288,86400,0,0,0,5,2019,133,0,1,0.594516129
5/14/2019,0,288,86400,0,0,0,5,2019,134,0,1,0.583225806
5/15/2019,0,288,86400,0,0,0,5,2019,135,0,1,0.571935484
5/16/2019,0,288,86400,0,0,0,5,2019,136,0,1,0.560645161
5/17/2019,0,288,86400,0,0,0,5,2019,137,0,1,0.549354839
5/18/2019,0,288,86400,0,0,0,5,2019,138,0,1,0.538064516
5/19/2019,0,288,86400,0,0,0,5,2019,139,0,1,0.526774194
5/20/2019,0,288,86400,0,0,0,5,2019,140,0,1,0.515483871
5/21/2019,0,288,86400,0,0,0,5,2019,141,0,1,0.504193548
5/22/2019,0,288,86400,0,0,0,5,2019,142,0,1,0.492903226
5/23/2019,0,288,86400,0,0,0,5,2019,143,0,1,0.481612903
5/24/2019,0,288,86400,0,0,0,5,2019,144,0,1,0.470322581
5/25/2019,0,288,86400,0,0,0,5,2019,145,0,1,0.459032258
5/26/2019,0,288,86400,0,0,0,5,2019,146,0,1,0.447741935
5/27/2019,0,288,86400,0,0,0,5,2019,147,0,1,0.436451613
5/28/2019,0,288,86400,0,0,0,5,2019,148,0,1,0.42516129
5/29/2019,0,288,86400,0,0,0,5,2019,149,0,1,0.413870968
5/30/2019,0,288,86400,0,0,0,5,2019,150,0,1,0.402580645
5/31/2019,0,288,86400,0,0,0,5,2019,151,0,1,0.391290323
6/1/2019,0,288,86400,0,0,0,6,2019,152,0,1,0.38
6/2/2019,0,288,86400,0,0,0,6,2019,153,0,1,0.370333333
6/3/2019,0,288,86400,0,0,0,6,2019,154,0,1,0.360666667
6/4/2019,0,288,86400,0,0,0,6,2019,155,0,1,0.351
6/5/2019,0,288,86400,0,0,0,6,2019,156,0,1,0.341333333
6/6/2019,0,288,86400,0,0,0,6,2019,157,0,1,0.331666667
6/7/2019,0,288,86400,0,0,0,6,2019,158,0,1,0.322
6/8/2019,0,288,86400,0,0,0,6,2019,159,0,1,0.312333333
6/9/2019,0,288,86400,0,0,0,6,2019,160,0,1,0.302666667
6/10/2019,0,288,86400,0,0,0,6,2019,161,0,1,0.293
6/11/2019,0,288,86400,0,0,0,6,2019,162,0,1,0.283333333
6/12/2019,0,288,86400,0,0,0,6,2019,163,0,1,0.273666667
6/13/2019,0,288,86400,0,0,0,6,2019,164,0,1,0.264
6/14/2019,0,288,86400,0,0,0,6,2019,165,0,1,0.254333333
6/15/2019,0,288,86400,0,0,0,6,2019,166,0,1,0.244666667
6/16/2019,0,288,86400,0,0,0,6,2019,167,0,1,0.235
6/17/2019,0,285,85500,0,0,0,6,2019,168,0,0.989583333,0.225333333
6/18/2019,0,282,84600,0,0,0,6,2019,169,0,0.979166667,0.215666667
6/19/2019,0,286,85800,0,0,0,6,2019,170,0,0.993055556,0.206
6/20/2019,0,288,86400,0,0,0,6,2019,171,0,1,0.196333333
6/21/2019,0,285,85500,0,0,0,6,2019,172,0,0.989583333,0.186666667
6/22/2019,0,288,86400,0,0,0,6,2019,173,0,1,0.177
6/23/2019,0,288,86400,0,0,0,6,2019,174,0,1,0.167333333
6/24/2019,0,288,86400,0,0,0,6,2019,175,0,1,0.157666667
6/25/2019,0,288,86400,0,0,0,6,2019,176,0,1,0.148
6/26/2019,0,288,86400,0,0,0,6,2019,177,0,1,0.138333333
6/27/2019,0,288,86400,0,0,0,6,2019,178,0,1,0.128666667
6/28/2019,0,288,86400,0,0,0,6,2019,179,0,1,0.119
6/29/2019,0,288,86400,0,0,0,6,2019,180,0,1,0.109333333
6/30/2019,0,288,86400,0,0,0,6,2019,181,0,1,0.099666667
7/1/2019,0,288,86400,0,0,0,7,2019,182,0,1,0.09
7/2/2019,0,285,85500,0,0,0,7,2019,183,0,0.989583333,0.088064516
7/3/2019,0,288,86400,0,0,0,7,2019,184,0,1,0.086129032
7/4/2019,0,288,86400,0,0,0,7,2019,185,0,1,0.084193548
7/5/2019,0,288,86400,0,0,0,7,2019,186,0,1,0.082258065
7/6/2019,0,285,85500,0,0,0,7,2019,187,0,0.989583333,0.080322581
7/7/2019,0,286,85800,0,0,0,7,2019,188,0,0.993055556,0.078387097
7/8/2019,0,284,85200,0,0,0,7,2019,189,0,0.986111111,0.076451613
7/9/2019,0,276,82800,0,0,0,7,2019,190,0,0.958333333,0.074516129
7/10/2019,0,286,85800,0,0,0,7,2019,191,0,0.993055556,0.072580645
7/11/2019,1,285,85500,5,0.083333333,0.003508772,7,2019,192,1,0.989583333,0.070645161
7/12/2019,0,288,86400,0,0,0,7,2019,193,0,1,0.068709677
7/13/2019,0,286,85800,0,0,0,7,2019,194,0,0.993055556,0.066774194
7/14/2019,0,288,86400,0,0,0,7,2019,195,0,1,0.06483871
7/15/2019,0,288,86400,0,0,0,7,2019,196,0,1,0.062903226
7/16/2019,0,288,86400,0,0,0,7,2019,197,0,1,0.060967742
7/17/2019,0,288,86400,0,0,0,7,2019,198,0,1,0.059032258
7/18/2019,0,274,82200,0,0,0,7,2019,199,0,0.951388889,0.057096774
7/19/2019,1,280,84000,5,0.083333333,0.003571429,7,2019,200,1,0.972222222,0.05516129
7/20/2019,0,265,79500,0,0,0,7,2019,201,0,0.920138889,0.053225806
7/21/2019,0,288,86400,0,0,0,7,2019,202,0,1,0.051290323
7/22/2019,0,259,77700,0,0,0,7,2019,203,0,0.899305556,0.049354839
7/23/2019,0,288,86400,0,0,0,7,2019,204,0,1,0.047419355
7/24/2019,0,254,76200,0,0,0,7,2019,205,0,0.881944444,0.045483871
7/25/2019,0,277,83100,0,0,0,7,2019,206,0,0.961805556,0.043548387
7/26/2019,2,262,78600,10,0.166666667,0.007633588,7,2019,207,2,0.909722222,0.041612903
7/27/2019,0,278,83400,0,0,0,7,2019,208,0,0.965277778,0.039677419
7/28/2019,0,180,54000,0,0,0,7,2019,209,0,0.625,0.037741935
7/29/2019,0,248,74400,0,0,0,7,2019,210,0,0.861111111,0.035806452
7/30/2019,0,244,73200,0,0,0,7,2019,211,0,0.847222222,0.033870968
7/31/2019,2,247,74100,10,0.166666667,0.008097166,7,2019,212,2,0.857638889,0.031935484
8/1/2019,4,240,72000,20,0.333333333,0.016666667,8,2019,213,4,0.833333333,0.03
8/2/2019,1,237,71100,5,0.083333333,0.004219409,8,2019,214,1,0.822916667,0.029677419
8/3/2019,68,252,75600,340,5.666666667,0.26984127,8,2019,215,68,0.875,0.029354839
8/4/2019,107,279,83700,535,8.916666667,0.383512545,8,2019,216,107,0.96875,0.029032258
8/5/2019,0,284,85200,0,0,0,8,2019,217,0,0.986111111,0.028709677
8/6/2019,30,254,76200,150,2.5,0.118110236,8,2019,218,30,0.881944444,0.028387097
8/7/2019,0,267,80100,0,0,0,8,2019,219,0,0.927083333,0.028064516
8/8/2019,115,280,84000,575,9.583333333,0.410714286,8,2019,220,115,0.972222222,0.027741935
8/9/2019,0,268,80400,0,0,0,8,2019,221,0,0.930555556,0.027419355
8/10/2019,0,269,80700,0,0,0,8,2019,222,0,0.934027778,0.027096774
8/11/2019,62,268,80400,310,5.166666667,0.231343284,8,2019,223,62,0.930555556,0.026774194
8/12/2019,107,282,84600,535,8.916666667,0.379432624,8,2019,224,107,0.979166667,0.026451613
8/13/2019,49,217,65100,245,4.083333333,0.225806452,8,2019,225,49,0.753472222,0.026129032
8/14/2019,74,262,78600,370,6.166666667,0.282442748,8,2019,226,74,0.909722222,0.025806452
8/15/2019,0,240,72000,0,0,0,8,2019,227,0,0.833333333,0.025483871
8/16/2019,18,242,72600,90,1.5,0.074380165,8,2019,228,18,0.840277778,0.02516129
8/17/2019,0,265,79500,0,0,0,8,2019,229,0,0.920138889,0.02483871
8/18/2019,0,281,84300,0,0,0,8,2019,230,0,0.975694444,0.024516129
8/19/2019,0,272,81600,0,0,0,8,2019,231,0,0.944444444,0.024193548
8/20/2019,0,255,76500,0,0,0,8,2019,232,0,0.885416667,0.023870968
8/21/2019,0,285,85500,0,0,0,8,2019,233,0,0.989583333,0.023548387
8/22/2019,0,284,85200,0,0,0,8,2019,234,0,0.986111111,0.023225806
8/23/2019,45,257,77100,225,3.75,0.175097276,8,2019,235,45,0.892361111,0.022903226
8/24/2019,10,262,78600,50,0.833333333,0.038167939,8,2019,236,10,0.909722222,0.022580645
8/25/2019,0,281,84300,0,0,0,8,2019,237,0,0.975694444,0.022258065
8/26/2019,0,279,83700,0,0,0,8,2019,238,0,0.96875,0.021935484
8/27/2019,0,263,78900,0,0,0,8,2019,239,0,0.913194444,0.021612903
8/28/2019,0,276,82800,0,0,0,8,2019,240,0,0.958333333,0.021290323
8/29/2019,,253,75900,,,,8,2019,241,,0.878472222,0.020967742
8/30/2019,,232,69600,,,,8,2019,242,,0.805555556,0.020645161
8/31/2019,,262,78600,,,,8,2019,243,,0.909722222,0.020322581
9/1/2019,,262,78600,,,,9,2019,244,,0.909722222,0.02
9/2/2019,,277,83100,,,,9,2019,245,,0.961805556,0.021
9/3/2019,,281,84300,,,,9,2019,246,,0.975694444,0.022
9/4/2019,,266,79800,,,,9,2019,247,,0.923611111,0.023
9/5/2019,,262,78600,,,,9,2019,248,,0.909722222,0.024
9/6/2019,,274,82200,,,,9,2019,249,,0.951388889,0.025
9/7/2019,,244,73200,,,,9,2019,250,,0.847222222,0.026
9/8/2019,,285,85500,,,,9,2019,251,,0.989583333,0.027
9/9/2019,,261,78300,,,,9,2019,252,,0.90625,0.028
9/10/2019,,262,78600,,,,9,2019,253,,0.909722222,0.029
9/11/2019,,282,84600,,,,9,2019,254,,0.979166667,0.03
9/12/2019,,267,80100,,,,9,2019,255,,0.927083333,0.031
9/13/2019,,288,86400,,,,9,2019,256,,1,0.032
9/14/2019,,288,86400,,,,9,2019,257,,1,0.033
9/15/2019,,278,83400,,,,9,2019,258,,0.965277778,0.034
9/16/2019,,282,84600,,,,9,2019,259,,0.979166667,0.035
9/17/2019,,272,81600,,,,9,2019,260,,0.944444444,0.036
9/18/2019,,288,86400,,,,9,2019,261,,1,0.037
9/19/2019,,274,82200,,,,9,2019,262,,0.951388889,0.038
9/20/2019,,277,83100,,,,9,2019,263,,0.961805556,0.039
9/21/2019,,186,55800,,,,9,2019,264,,0.645833333,0.04
9/22/2019,,,,,,,,,,,0,0.041
9/23/2019,,,,,,,,,,,0,0.042
9/24/2019,,,,,,,,,,,0,0.043
9/25/2019,,,,,,,,,,,0,0.044
9/26/2019,,,,,,,,,,,0,0.045
9/27/2019,,,,,,,,,,,0,0.046
9/28/2019,,,,,,,,,,,0,0.047
9/29/2019,,,,,,,,,,,0,0.048
9/30/2019,,,,,,,,,,,0,0.049
10/1/2019,,,,,,,,,,,0,0.05
10/2/2019,,,,,,,,,,,0,0.055806452
10/3/2019,,,,,,,,,,,0,0.061612903
10/4/2019,,,,,,,,,,,0,0.067419355
10/5/2019,,,,,,,,,,,0,0.073225806
10/6/2019,,,,,,,,,,,0,0.079032258
10/7/2019,,,,,,,,,,,0,0.08483871
10/8/2019,,,,,,,,,,,0,0.090645161
10/9/2019,,,,,,,,,,,0,0.096451613
10/10/2019,,,,,,,,,,,0,0.102258065
10/11/2019,,,,,,,,,,,0,0.108064516
10/12/2019,,,,,,,,,,,0,0.113870968
10/13/2019,,,,,,,,,,,0,0.119677419
10/14/2019,,,,,,,,,,,0,0.125483871
10/15/2019,,,,,,,,,,,0,0.131290323
10/16/2019,,,,,,,,,,,0,0.137096774
10/17/2019,,,,,,,,,,,0,0.142903226
10/18/2019,,,,,,,,,,,0,0.148709677
10/19/2019,,,,,,,,,,,0,0.154516129
10/20/2019,,,,,,,,,,,0,0.160322581
10/21/2019,,,,,,,,,,,0,0.166129032
10/22/2019,,,,,,,,,,,0,0.171935484
10/23/2019,,,,,,,,,,,0,0.177741935
10/24/2019,,,,,,,,,,,0,0.183548387
10/25/2019,,,,,,,,,,,0,0.189354839
10/26/2019,,,,,,,,,,,0,0.19516129
10/27/2019,,,,,,,,,,,0,0.200967742
10/28/2019,,,,,,,,,,,0,0.206774194
10/29/2019,,,,,,,,,,,0,0.212580645
10/30/2019,,,,,,,,,,,0,0.218387097
10/31/2019,,,,,,,,,,,0,0.224193548
11/1/2019,,,,,,,,,,,0,0.23
